,Id,Id2,Geography,Estimate; SEX AND AGE - Total population,Estimate Margin of Error; SEX AND AGE - Total population,Percent; SEX AND AGE - Total population,Percent Margin of Error; SEX AND AGE - Total population,Estimate; SEX AND AGE - Male,Estimate Margin of Error; SEX AND AGE - Male,Percent; SEX AND AGE - Male,Percent Margin of Error; SEX AND AGE - Male,Estimate; SEX AND AGE - Female,Estimate Margin of Error; SEX AND AGE - Female,Percent; SEX AND AGE - Female,Percent Margin of Error; SEX AND AGE - Female,Estimate; SEX AND AGE - Under 5 years,Estimate Margin of Error; SEX AND AGE - Under 5 years,Percent; SEX AND AGE - Under 5 years,Percent Margin of Error; SEX AND AGE - Under 5 years,Estimate; SEX AND AGE - 5 to 9 years,Estimate Margin of Error; SEX AND AGE - 5 to 9 years,Percent; SEX AND AGE - 5 to 9 years,Percent Margin of Error; SEX AND AGE - 5 to 9 years,Estimate; SEX AND AGE - 10 to 14 years,Estimate Margin of Error; SEX AND AGE - 10 to 14 years,Percent; SEX AND AGE - 10 to 14 years,Percent Margin of Error; SEX AND AGE - 10 to 14 years,Estimate; SEX AND AGE - 15 to 19 years,Estimate Margin of Error; SEX AND AGE - 15 to 19 years,Percent; SEX AND AGE - 15 to 19 years,Percent Margin of Error; SEX AND AGE - 15 to 19 years,Estimate; SEX AND AGE - 20 to 24 years,Estimate Margin of Error; SEX AND AGE - 20 to 24 years,Percent; SEX AND AGE - 20 to 24 years,Percent Margin of Error; SEX AND AGE - 20 to 24 years,Estimate; SEX AND AGE - 25 to 34 years,Estimate Margin of Error; SEX AND AGE - 25 to 34 years,Percent; SEX AND AGE - 25 to 34 years,Percent Margin of Error; SEX AND AGE - 25 to 34 years,Estimate; SEX AND AGE - 35 to 44 years,Estimate Margin of Error; SEX AND AGE - 35 to 44 years,Percent; SEX AND AGE - 35 to 44 years,Percent Margin of Error; SEX AND AGE - 35 to 44 years,Estimate; SEX AND AGE - 45 to 54 years,Estimate Margin of Error; SEX AND AGE - 45 to 54 years,Percent; SEX AND AGE - 45 to 54 years,Percent Margin of Error; SEX AND AGE - 45 to 54 years,Estimate; SEX AND AGE - 55 to 59 years,Estimate Margin of Error; SEX AND AGE - 55 to 59 years,Percent; SEX AND AGE - 55 to 59 years,Percent Margin of Error; SEX AND AGE - 55 to 59 years,Estimate; SEX AND AGE - 60 to 64 years,Estimate Margin of Error; SEX AND AGE - 60 to 64 years,Percent; SEX AND AGE - 60 to 64 years,Percent Margin of Error; SEX AND AGE - 60 to 64 years,Estimate; SEX AND AGE - 65 to 74 years,Estimate Margin of Error; SEX AND AGE - 65 to 74 years,Percent; SEX AND AGE - 65 to 74 years,Percent Margin of Error; SEX AND AGE - 65 to 74 years,Estimate; SEX AND AGE - 75 to 84 years,Estimate Margin of Error; SEX AND AGE - 75 to 84 years,Percent; SEX AND AGE - 75 to 84 years,Percent Margin of Error; SEX AND AGE - 75 to 84 years,Estimate; SEX AND AGE - 85 years and over,Estimate Margin of Error; SEX AND AGE - 85 years and over,Percent; SEX AND AGE - 85 years and over,Percent Margin of Error; SEX AND AGE - 85 years and over,Estimate; SEX AND AGE - Median age (years),Estimate Margin of Error; SEX AND AGE - Median age (years),Percent; SEX AND AGE - Median age (years),Percent Margin of Error; SEX AND AGE - Median age (years),Estimate; SEX AND AGE - 18 years and over,Estimate Margin of Error; SEX AND AGE - 18 years and over,Percent; SEX AND AGE - 18 years and over,Percent Margin of Error; SEX AND AGE - 18 years and over,Estimate; SEX AND AGE - 21 years and over,Estimate Margin of Error; SEX AND AGE - 21 years and over,Percent; SEX AND AGE - 21 years and over,Percent Margin of Error; SEX AND AGE - 21 years and over,Estimate; SEX AND AGE - 62 years and over,Estimate Margin of Error; SEX AND AGE - 62 years and over,Percent; SEX AND AGE - 62 years and over,Percent Margin of Error; SEX AND AGE - 62 years and over,Estimate; SEX AND AGE - 65 years and over,Estimate Margin of Error; SEX AND AGE - 65 years and over,Percent; SEX AND AGE - 65 years and over,Percent Margin of Error; SEX AND AGE - 65 years and over,Estimate; SEX AND AGE - 18 years and over.1,Estimate Margin of Error; SEX AND AGE - 18 years and over.1,Percent; SEX AND AGE - 18 years and over.1,Percent Margin of Error; SEX AND AGE - 18 years and over.1,Estimate; SEX AND AGE - Male.1,Estimate Margin of Error; SEX AND AGE - Male.1,Percent; SEX AND AGE - Male.1,Percent Margin of Error; SEX AND AGE - Male.1,Estimate; SEX AND AGE - Female.1,Estimate Margin of Error; SEX AND AGE - Female.1,Percent; SEX AND AGE - Female.1,Percent Margin of Error; SEX AND AGE - Female.1,Estimate; SEX AND AGE - 65 years and over.1,Estimate Margin of Error; SEX AND AGE - 65 years and over.1,Percent; SEX AND AGE - 65 years and over.1,Percent Margin of Error; SEX AND AGE - 65 years and over.1,Estimate; SEX AND AGE - Male.2,Estimate Margin of Error; SEX AND AGE - Male.2,Percent; SEX AND AGE - Male.2,Percent Margin of Error; SEX AND AGE - Male.2,Estimate; SEX AND AGE - Female.2,Estimate Margin of Error; SEX AND AGE - Female.2,Percent; SEX AND AGE - Female.2,Percent Margin of Error; SEX AND AGE - Female.2,Estimate; RACE - Total population,Estimate Margin of Error; RACE - Total population,Percent; RACE - Total population,Percent Margin of Error; RACE - Total population,Estimate; RACE - One race,Estimate Margin of Error; RACE - One race,Percent; RACE - One race,Percent Margin of Error; RACE - One race,Estimate; RACE - Two or more races,Estimate Margin of Error; RACE - Two or more races,Percent; RACE - Two or more races,Percent Margin of Error; RACE - Two or more races,Estimate; RACE - One race.1,Estimate Margin of Error; RACE - One race.1,Percent; RACE - One race.1,Percent Margin of Error; RACE - One race.1,Estimate; RACE - One race - White,Estimate Margin of Error; RACE - One race - White,Percent; RACE - One race - White,Percent Margin of Error; RACE - One race - White,Estimate; RACE - One race - Black or African American,Estimate Margin of Error; RACE - One race - Black or African American,Percent; RACE - One race - Black or African American,Percent Margin of Error; RACE - One race - Black or African American,Estimate; RACE - One race - American Indian and Alaska Native,Estimate Margin of Error; RACE - One race - American Indian and Alaska Native,Percent; RACE - One race - American Indian and Alaska Native,Percent Margin of Error; RACE - One race - American Indian and Alaska Native,Estimate; RACE - One race - American Indian and Alaska Native - Cherokee tribal grouping,Estimate Margin of Error; RACE - One race - American Indian and Alaska Native - Cherokee tribal grouping,Percent; RACE - One race - American Indian and Alaska Native - Cherokee tribal grouping,Percent Margin of Error; RACE - One race - American Indian and Alaska Native - Cherokee tribal grouping,Estimate; RACE - One race - American Indian and Alaska Native - Chippewa tribal grouping,Estimate Margin of Error; RACE - One race - American Indian and Alaska Native - Chippewa tribal grouping,Percent; RACE - One race - American Indian and Alaska Native - Chippewa tribal grouping,Percent Margin of Error; RACE - One race - American Indian and Alaska Native - Chippewa tribal grouping,Estimate; RACE - One race - American Indian and Alaska Native - Navajo tribal grouping,Estimate Margin of Error; RACE - One race - American Indian and Alaska Native - Navajo tribal grouping,Percent; RACE - One race - American Indian and Alaska Native - Navajo tribal grouping,Percent Margin of Error; RACE - One race - American Indian and Alaska Native - Navajo tribal grouping,Estimate; RACE - One race - American Indian and Alaska Native - Sioux tribal grouping,Estimate Margin of Error; RACE - One race - American Indian and Alaska Native - Sioux tribal grouping,Percent; RACE - One race - American Indian and Alaska Native - Sioux tribal grouping,Percent Margin of Error; RACE - One race - American Indian and Alaska Native - Sioux tribal grouping,Estimate; RACE - One race - Asian,Estimate Margin of Error; RACE - One race - Asian,Percent; RACE - One race - Asian,Percent Margin of Error; RACE - One race - Asian,Estimate; RACE - One race - Asian - Asian Indian,Estimate Margin of Error; RACE - One race - Asian - Asian Indian,Percent; RACE - One race - Asian - Asian Indian,Percent Margin of Error; RACE - One race - Asian - Asian Indian,Estimate; RACE - One race - Asian - Chinese,Estimate Margin of Error; RACE - One race - Asian - Chinese,Percent; RACE - One race - Asian - Chinese,Percent Margin of Error; RACE - One race - Asian - Chinese,Estimate; RACE - One race - Asian - Filipino,Estimate Margin of Error; RACE - One race - Asian - Filipino,Percent; RACE - One race - Asian - Filipino,Percent Margin of Error; RACE - One race - Asian - Filipino,Estimate; RACE - One race - Asian - Japanese,Estimate Margin of Error; RACE - One race - Asian - Japanese,Percent; RACE - One race - Asian - Japanese,Percent Margin of Error; RACE - One race - Asian - Japanese,Estimate; RACE - One race - Asian - Korean,Estimate Margin of Error; RACE - One race - Asian - Korean,Percent; RACE - One race - Asian - Korean,Percent Margin of Error; RACE - One race - Asian - Korean,Estimate; RACE - One race - Asian - Vietnamese,Estimate Margin of Error; RACE - One race - Asian - Vietnamese,Percent; RACE - One race - Asian - Vietnamese,Percent Margin of Error; RACE - One race - Asian - Vietnamese,Estimate; RACE - One race - Asian - Other Asian,Estimate Margin of Error; RACE - One race - Asian - Other Asian,Percent; RACE - One race - Asian - Other Asian,Percent Margin of Error; RACE - One race - Asian - Other Asian,Estimate; RACE - One race - Native Hawaiian and Other Pacific Islander,Estimate Margin of Error; RACE - One race - Native Hawaiian and Other Pacific Islander,Percent; RACE - One race - Native Hawaiian and Other Pacific Islander,Percent Margin of Error; RACE - One race - Native Hawaiian and Other Pacific Islander,Estimate; RACE - One race - Native Hawaiian and Other Pacific Islander - Native Hawaiian,Estimate Margin of Error; RACE - One race - Native Hawaiian and Other Pacific Islander - Native Hawaiian,Percent; RACE - One race - Native Hawaiian and Other Pacific Islander - Native Hawaiian,Percent Margin of Error; RACE - One race - Native Hawaiian and Other Pacific Islander - Native Hawaiian,Estimate; RACE - One race - Native Hawaiian and Other Pacific Islander - Guamanian or Chamorro,Estimate Margin of Error; RACE - One race - Native Hawaiian and Other Pacific Islander - Guamanian or Chamorro,Percent; RACE - One race - Native Hawaiian and Other Pacific Islander - Guamanian or Chamorro,Percent Margin of Error; RACE - One race - Native Hawaiian and Other Pacific Islander - Guamanian or Chamorro,Estimate; RACE - One race - Native Hawaiian and Other Pacific Islander - Samoan,Estimate Margin of Error; RACE - One race - Native Hawaiian and Other Pacific Islander - Samoan,Percent; RACE - One race - Native Hawaiian and Other Pacific Islander - Samoan,Percent Margin of Error; RACE - One race - Native Hawaiian and Other Pacific Islander - Samoan,Estimate; RACE - One race - Native Hawaiian and Other Pacific Islander - Other Pacific Islander,Estimate Margin of Error; RACE - One race - Native Hawaiian and Other Pacific Islander - Other Pacific Islander,Percent; RACE - One race - Native Hawaiian and Other Pacific Islander - Other Pacific Islander,Percent Margin of Error; RACE - One race - Native Hawaiian and Other Pacific Islander - Other Pacific Islander,Estimate; RACE - One race - Some other race,Estimate Margin of Error; RACE - One race - Some other race,Percent; RACE - One race - Some other race,Percent Margin of Error; RACE - One race - Some other race,Estimate; RACE - Two or more races.1,Estimate Margin of Error; RACE - Two or more races.1,Percent; RACE - Two or more races.1,Percent Margin of Error; RACE - Two or more races.1,Estimate; RACE - Two or more races - White and Black or African American,Estimate Margin of Error; RACE - Two or more races - White and Black or African American,Percent; RACE - Two or more races - White and Black or African American,Percent Margin of Error; RACE - Two or more races - White and Black or African American,Estimate; RACE - Two or more races - White and American Indian and Alaska Native,Estimate Margin of Error; RACE - Two or more races - White and American Indian and Alaska Native,Percent; RACE - Two or more races - White and American Indian and Alaska Native,Percent Margin of Error; RACE - Two or more races - White and American Indian and Alaska Native,Estimate; RACE - Two or more races - White and Asian,Estimate Margin of Error; RACE - Two or more races - White and Asian,Percent; RACE - Two or more races - White and Asian,Percent Margin of Error; RACE - Two or more races - White and Asian,Estimate; RACE - Two or more races - Black or African American and American Indian and Alaska Native,Estimate Margin of Error; RACE - Two or more races - Black or African American and American Indian and Alaska Native,Percent; RACE - Two or more races - Black or African American and American Indian and Alaska Native,Percent Margin of Error; RACE - Two or more races - Black or African American and American Indian and Alaska Native,Estimate; RACE - Race alone or in combination with one or more other races - Total population,Estimate Margin of Error; RACE - Race alone or in combination with one or more other races - Total population,Percent; RACE - Race alone or in combination with one or more other races - Total population,Percent Margin of Error; RACE - Race alone or in combination with one or more other races - Total population,Estimate; RACE - White,Estimate Margin of Error; RACE - White,Percent; RACE - White,Percent Margin of Error; RACE - White,Estimate; RACE - Black or African American,Estimate Margin of Error; RACE - Black or African American,Percent; RACE - Black or African American,Percent Margin of Error; RACE - Black or African American,Estimate; RACE - American Indian and Alaska Native,Estimate Margin of Error; RACE - American Indian and Alaska Native,Percent; RACE - American Indian and Alaska Native,Percent Margin of Error; RACE - American Indian and Alaska Native,Estimate; RACE - Asian,Estimate Margin of Error; RACE - Asian,Percent; RACE - Asian,Percent Margin of Error; RACE - Asian,Estimate; RACE - Native Hawaiian and Other Pacific Islander,Estimate Margin of Error; RACE - Native Hawaiian and Other Pacific Islander,Percent; RACE - Native Hawaiian and Other Pacific Islander,Percent Margin of Error; RACE - Native Hawaiian and Other Pacific Islander,Estimate; RACE - Some other race,Estimate Margin of Error; RACE - Some other race,Percent; RACE - Some other race,Percent Margin of Error; RACE - Some other race,Estimate; HISPANIC OR LATINO AND RACE - Total population,Estimate Margin of Error; HISPANIC OR LATINO AND RACE - Total population,Percent; HISPANIC OR LATINO AND RACE - Total population,Percent Margin of Error; HISPANIC OR LATINO AND RACE - Total population,Estimate; HISPANIC OR LATINO AND RACE - Hispanic or Latino (of any race),Estimate Margin of Error; HISPANIC OR LATINO AND RACE - Hispanic or Latino (of any race),Percent; HISPANIC OR LATINO AND RACE - Hispanic or Latino (of any race),Percent Margin of Error; HISPANIC OR LATINO AND RACE - Hispanic or Latino (of any race),Estimate; HISPANIC OR LATINO AND RACE - Hispanic or Latino (of any race) - Mexican,Estimate Margin of Error; HISPANIC OR LATINO AND RACE - Hispanic or Latino (of any race) - Mexican,Percent; HISPANIC OR LATINO AND RACE - Hispanic or Latino (of any race) - Mexican,Percent Margin of Error; HISPANIC OR LATINO AND RACE - Hispanic or Latino (of any race) - Mexican,Estimate; HISPANIC OR LATINO AND RACE - Hispanic or Latino (of any race) - Puerto Rican,Estimate Margin of Error; HISPANIC OR LATINO AND RACE - Hispanic or Latino (of any race) - Puerto Rican,Percent; HISPANIC OR LATINO AND RACE - Hispanic or Latino (of any race) - Puerto Rican,Percent Margin of Error; HISPANIC OR LATINO AND RACE - Hispanic or Latino (of any race) - Puerto Rican,Estimate; HISPANIC OR LATINO AND RACE - Hispanic or Latino (of any race) - Cuban,Estimate Margin of Error; HISPANIC OR LATINO AND RACE - Hispanic or Latino (of any race) - Cuban,Percent; HISPANIC OR LATINO AND RACE - Hispanic or Latino (of any race) - Cuban,Percent Margin of Error; HISPANIC OR LATINO AND RACE - Hispanic or Latino (of any race) - Cuban,Estimate; HISPANIC OR LATINO AND RACE - Hispanic or Latino (of any race) - Other Hispanic or Latino,Estimate Margin of Error; HISPANIC OR LATINO AND RACE - Hispanic or Latino (of any race) - Other Hispanic or Latino,Percent; HISPANIC OR LATINO AND RACE - Hispanic or Latino (of any race) - Other Hispanic or Latino,Percent Margin of Error; HISPANIC OR LATINO AND RACE - Hispanic or Latino (of any race) - Other Hispanic or Latino,Estimate; HISPANIC OR LATINO AND RACE - Not Hispanic or Latino,Estimate Margin of Error; HISPANIC OR LATINO AND RACE - Not Hispanic or Latino,Percent; HISPANIC OR LATINO AND RACE - Not Hispanic or Latino,Percent Margin of Error; HISPANIC OR LATINO AND RACE - Not Hispanic or Latino,Estimate; HISPANIC OR LATINO AND RACE - Not Hispanic or Latino - White alone,Estimate Margin of Error; HISPANIC OR LATINO AND RACE - Not Hispanic or Latino - White alone,Percent; HISPANIC OR LATINO AND RACE - Not Hispanic or Latino - White alone,Percent Margin of Error; HISPANIC OR LATINO AND RACE - Not Hispanic or Latino - White alone,Estimate; HISPANIC OR LATINO AND RACE - Not Hispanic or Latino - Black or African American alone,Estimate Margin of Error; HISPANIC OR LATINO AND RACE - Not Hispanic or Latino - Black or African American alone,Percent; HISPANIC OR LATINO AND RACE - Not Hispanic or Latino - Black or African American alone,Percent Margin of Error; HISPANIC OR LATINO AND RACE - Not Hispanic or Latino - Black or African American alone,Estimate; HISPANIC OR LATINO AND RACE - Not Hispanic or Latino - American Indian and Alaska Native alone,Estimate Margin of Error; HISPANIC OR LATINO AND RACE - Not Hispanic or Latino - American Indian and Alaska Native alone,Percent; HISPANIC OR LATINO AND RACE - Not Hispanic or Latino - American Indian and Alaska Native alone,Percent Margin of Error; HISPANIC OR LATINO AND RACE - Not Hispanic or Latino - American Indian and Alaska Native alone,Estimate; HISPANIC OR LATINO AND RACE - Not Hispanic or Latino - Asian alone,Estimate Margin of Error; HISPANIC OR LATINO AND RACE - Not Hispanic or Latino - Asian alone,Percent; HISPANIC OR LATINO AND RACE - Not Hispanic or Latino - Asian alone,Percent Margin of Error; HISPANIC OR LATINO AND RACE - Not Hispanic or Latino - Asian alone,Estimate; HISPANIC OR LATINO AND RACE - Not Hispanic or Latino - Native Hawaiian and Other Pacific Islander alone,Estimate Margin of Error; HISPANIC OR LATINO AND RACE - Not Hispanic or Latino - Native Hawaiian and Other Pacific Islander alone,Percent; HISPANIC OR LATINO AND RACE - Not Hispanic or Latino - Native Hawaiian and Other Pacific Islander alone,Percent Margin of Error; HISPANIC OR LATINO AND RACE - Not Hispanic or Latino - Native Hawaiian and Other Pacific Islander alone,Estimate; HISPANIC OR LATINO AND RACE - Not Hispanic or Latino - Some other race alone,Estimate Margin of Error; HISPANIC OR LATINO AND RACE - Not Hispanic or Latino - Some other race alone,Percent; HISPANIC OR LATINO AND RACE - Not Hispanic or Latino - Some other race alone,Percent Margin of Error; HISPANIC OR LATINO AND RACE - Not Hispanic or Latino - Some other race alone,Estimate; HISPANIC OR LATINO AND RACE - Not Hispanic or Latino - Two or more races,Estimate Margin of Error; HISPANIC OR LATINO AND RACE - Not Hispanic or Latino - Two or more races,Percent; HISPANIC OR LATINO AND RACE - Not Hispanic or Latino - Two or more races,Percent Margin of Error; HISPANIC OR LATINO AND RACE - Not Hispanic or Latino - Two or more races,Estimate; HISPANIC OR LATINO AND RACE - Not Hispanic or Latino - Two or more races - Two races including Some other race,Estimate Margin of Error; HISPANIC OR LATINO AND RACE - Not Hispanic or Latino - Two or more races - Two races including Some other race,Percent; HISPANIC OR LATINO AND RACE - Not Hispanic or Latino - Two or more races - Two races including Some other race,Percent Margin of Error; HISPANIC OR LATINO AND RACE - Not Hispanic or Latino - Two or more races - Two races including Some other race,"Estimate; HISPANIC OR LATINO AND RACE - Not Hispanic or Latino - Two or more races - Two races excluding Some other race, and Three or more races","Estimate Margin of Error; HISPANIC OR LATINO AND RACE - Not Hispanic or Latino - Two or more races - Two races excluding Some other race, and Three or more races","Percent; HISPANIC OR LATINO AND RACE - Not Hispanic or Latino - Two or more races - Two races excluding Some other race, and Three or more races","Percent Margin of Error; HISPANIC OR LATINO AND RACE - Not Hispanic or Latino - Two or more races - Two races excluding Some other race, and Three or more races",Estimate; HISPANIC OR LATINO AND RACE - Total housing units,Estimate Margin of Error; HISPANIC OR LATINO AND RACE - Total housing units,Percent; HISPANIC OR LATINO AND RACE - Total housing units,Percent Margin of Error; HISPANIC OR LATINO AND RACE - Total housing units
0,610U200US25020,25020,"Berkshire, Hampshire & Franklin",149480,243,149480,(X),71681,269,48.0,0.2,77799,247,52.0,0.2,6876,135,4.6,0.1,8073,497,5.4,0.3,8629,500,5.8,0.3,10613,225,7.1,0.2,9009,202,6.0,0.1,14483,347,9.7,0.2,19220,268,12.9,0.2,24514,276,16.4,0.2,11705,453,7.8,0.3,9835,449,6.6,0.3,12727,178,8.5,0.1,9750,340,6.5,0.2,4046,305,2.7,0.2,44.1,0.3,(X),(X),119451,261,79.9,0.1,113029,433,75.6,0.3,32268,396,21.6,0.3,26523,216,17.7,0.1,119451,261,119451,(X),56721,217,47.5,0.1,62730,188,52.5,0.1,26523,216,26523,(X),11206,133,42.3,0.3,15317,138,57.7,0.3,149480,243,149480,(X),146648,411,98.1,0.2,2832,355,1.9,0.2,146648,411,98.1,0.2,139996,440,93.7,0.3,3655,257,2.4,0.2,275,80,0.2,0.1,7,11,0.0,0.1,0,127,0.0,0.1,0,127,0,0.1,0,127,0,0.1,1626,164,1.1,0.1,328,211,0.2,0.1,221,102,0.1,0.1,260,176,0.2,0.1,67,54,0.0,0.1,180,102,0.1,0.1,151,115,0.1,0.1,419,160,0.3,0.1,49,44,0.0,0.1,22,35,0.0,0.1,0,127,0.0,0.1,8,17,0,0.1,19,29,0.0,0.1,1047,344,0.7,0.2,2832,355,1.9,0.2,954,282,0.6,0.2,475,102,0.3,0.1,432,125,0.3,0.1,62,68,0.0,0.1,149480,243,149480,(X),142430,518,95.3,0.3,4946,206,3.3,0.1,915,145,0.6,0.1,2310,142,1.5,0.1,332,199,0.2,0.1,1586,401,1.1,0.3,149480,243,149480,(X),4493,121,3.0,0.1,437,179,0.3,0.1,2071,376,1.4,0.3,163,86,0.1,0.1,1822,394,1.2,0.3,144987,262,97.0,0.1,137090,348,91.7,0.2,3536,253,2.4,0.2,243,80,0.2,0.1,1626,164,1.1,0.1,49,44,0.0,0.1,255,217,0.2,0.1,2188,331,1.5,0.2,126,69,0.1,0.1,2062,329,1.4,0.2,77320,405,(X),(X)
1,610U200US25021,25021,First Bristol & Plymouth,163232,63,163232,(X),78414,1098,48.0,0.7,84818,1095,52.0,0.7,8455,628,5.2,0.4,9473,619,5.8,0.4,9933,545,6.1,0.3,10791,894,6.6,0.5,10575,703,6.5,0.4,19936,869,12.2,0.5,23931,766,14.7,0.5,23637,744,14.5,0.5,11158,653,6.8,0.4,10188,664,6.2,0.4,11393,580,7.0,0.4,9298,499,5.7,0.3,4464,404,2.7,0.2,40.6,0.5,(X),(X),128261,773,78.6,0.5,122364,950,75.0,0.6,30603,858,18.7,0.5,25155,660,15.4,0.4,128261,773,128261,(X),60400,1031,47.1,0.7,67861,930,52.9,0.7,25155,660,25155,(X),9698,445,38.6,1.5,15457,557,61.4,1.5,163232,63,163232,(X),160006,605,98.0,0.4,3226,603,2.0,0.4,160006,605,98.0,0.4,150507,1264,92.2,0.8,3377,731,2.1,0.4,176,101,0.1,0.1,63,70,0.0,0.1,0,127,0.0,0.1,0,127,0,0.1,0,127,0,0.1,2890,701,1.8,0.4,257,173,0.2,0.1,633,351,0.4,0.2,261,192,0.2,0.1,18,28,0.0,0.1,235,158,0.1,0.1,96,84,0.1,0.1,1390,502,0.9,0.3,0,127,0.0,0.1,0,127,0.0,0.1,0,127,0.0,0.1,0,127,0,0.1,0,127,0.0,0.1,3056,609,1.9,0.4,3226,603,2.0,0.4,1209,355,0.7,0.2,677,214,0.4,0.1,519,211,0.3,0.1,163,97,0.1,0.1,163232,63,163232,(X),153503,1147,94.0,0.7,4864,839,3.0,0.5,1218,324,0.7,0.2,3439,727,2.1,0.4,63,68,0.0,0.1,3593,715,2.2,0.4,163232,63,163232,(X),6491,735,4.0,0.5,428,205,0.3,0.1,4218,616,2.6,0.4,59,64,0.0,0.1,1786,507,1.1,0.3,156741,732,96.0,0.5,146998,1267,90.1,0.8,3002,683,1.8,0.4,135,87,0.1,0.1,2883,701,1.8,0.4,0,127,0.0,0.1,957,366,0.6,0.2,2766,543,1.7,0.3,127,82,0.1,0.1,2639,547,1.6,0.3,72911,869,(X),(X)
2,610U200US25022,25022,Second Bristol & Plymouth,160704,74,160704,(X),76380,1099,47.5,0.7,84324,1111,52.5,0.7,9550,562,5.9,0.4,9695,578,6.0,0.4,10064,728,6.3,0.5,12005,1360,7.5,0.8,10623,1219,6.6,0.8,19658,753,12.2,0.5,21510,682,13.4,0.4,23574,750,14.7,0.5,9868,624,6.1,0.4,8862,498,5.5,0.3,11902,571,7.4,0.4,8827,565,5.5,0.4,4566,370,2.8,0.2,39.4,0.8,(X),(X),124481,945,77.5,0.6,117655,1579,73.2,1.0,30582,839,19.0,0.5,25295,725,15.7,0.5,124481,945,124481,(X),58432,1103,46.9,0.8,66049,1063,53.1,0.8,25295,725,25295,(X),10173,456,40.2,1.4,15122,554,59.8,1.4,160704,74,160704,(X),155949,632,97.0,0.4,4755,627,3.0,0.4,155949,632,97.0,0.4,137046,1503,85.3,0.9,7847,965,4.9,0.6,330,137,0.2,0.1,13,21,0.0,0.1,24,40,0.0,0.1,0,127,0,0.1,0,127,0,0.1,1846,483,1.1,0.3,194,176,0.1,0.1,469,214,0.3,0.1,266,208,0.2,0.1,50,43,0.0,0.1,152,136,0.1,0.1,567,292,0.4,0.2,148,116,0.1,0.1,36,45,0.0,0.1,8,12,0.0,0.1,28,43,0.0,0.1,0,127,0,0.1,0,127,0.0,0.1,8844,1088,5.5,0.7,4755,627,3.0,0.4,1440,397,0.9,0.2,473,138,0.3,0.1,226,148,0.1,0.1,129,99,0.1,0.1,160704,74,160704,(X),140707,1463,87.6,0.9,10437,989,6.5,0.6,1349,294,0.8,0.2,2124,539,1.3,0.3,111,103,0.1,0.1,11103,1257,6.9,0.8,160704,74,160704,(X),15341,1059,9.5,0.7,1101,487,0.7,0.3,9375,923,5.8,0.6,25,32,0.0,0.1,4840,822,3.0,0.5,145363,1059,90.5,0.7,128174,1428,79.8,0.9,6764,909,4.2,0.6,208,99,0.1,0.1,1829,479,1.1,0.3,28,43,0.0,0.1,4077,671,2.5,0.4,4283,596,2.7,0.4,1680,311,1.0,0.2,2603,478,1.6,0.3,70736,1153,(X),(X)
3,610U200US25023,25023,Cape & Islands,160370,688,160370,(X),76434,759,47.7,0.4,83936,753,52.3,0.4,6792,369,4.2,0.2,6928,513,4.3,0.3,7931,488,4.9,0.3,8479,554,5.3,0.3,6728,552,4.2,0.3,13898,667,8.7,0.4,19569,578,12.2,0.3,23726,616,14.8,0.4,13449,753,8.4,0.5,12935,701,8.1,0.4,19336,492,12.1,0.3,15319,587,9.6,0.4,5280,511,3.3,0.3,49.3,0.5,(X),(X),133482,660,83.2,0.3,129083,747,80.5,0.4,47611,781,29.7,0.5,39935,571,24.9,0.4,133482,660,133482,(X),62943,662,47.2,0.4,70539,534,52.8,0.4,39935,571,39935,(X),16878,393,42.3,0.6,23057,338,57.7,0.6,160370,688,160370,(X),157241,850,98.0,0.3,3129,544,2.0,0.3,157241,850,98.0,0.3,148256,1287,92.4,0.7,4262,668,2.7,0.4,1134,322,0.7,0.2,77,64,0.0,0.1,82,99,0.1,0.1,0,127,0,0.1,33,39,0,0.1,1280,299,0.8,0.2,280,160,0.2,0.1,491,193,0.3,0.1,101,62,0.1,0.1,43,41,0.0,0.1,17,19,0.0,0.1,158,88,0.1,0.1,190,119,0.1,0.1,0,127,0.0,0.1,0,127,0.0,0.1,0,127,0.0,0.1,0,127,0,0.1,0,127,0.0,0.1,2309,762,1.4,0.5,3129,544,2.0,0.3,1020,384,0.6,0.2,931,265,0.6,0.2,304,158,0.2,0.1,192,145,0.1,0.1,160370,688,160370,(X),150978,1343,94.1,0.7,5883,682,3.7,0.4,2575,490,1.6,0.3,1641,325,1.0,0.2,60,45,0.0,0.1,2657,809,1.7,0.5,160370,688,160370,(X),3547,532,2.2,0.3,566,269,0.4,0.2,921,293,0.6,0.2,80,64,0.0,0.1,1980,501,1.2,0.3,156823,809,97.8,0.3,145805,1207,90.9,0.6,4194,675,2.6,0.4,1036,324,0.6,0.2,1280,299,0.8,0.2,0,127,0.0,0.1,1485,701,0.9,0.4,3023,541,1.9,0.3,254,161,0.2,0.1,2769,541,1.7,0.3,140018,746,(X),(X)
4,610U200US25024,25024,First Essex,167874,568,167874,(X),80309,982,47.8,0.6,87565,1048,52.2,0.6,10172,561,6.1,0.3,11155,650,6.6,0.4,12117,632,7.2,0.4,10362,580,6.2,0.3,8780,537,5.2,0.3,19594,914,11.7,0.5,26024,699,15.5,0.4,28003,845,16.7,0.5,10840,676,6.5,0.4,9005,570,5.4,0.3,10162,453,6.1,0.3,7773,482,4.6,0.3,3887,388,2.3,0.2,39.9,0.4,(X),(X),127366,852,75.9,0.5,122182,937,72.8,0.5,26877,689,16.0,0.4,21822,556,13.0,0.3,127366,852,127366,(X),59579,813,46.8,0.5,67787,724,53.2,0.5,21822,556,21822,(X),8591,361,39.4,1.4,13231,479,60.6,1.4,167874,568,167874,(X),164954,837,98.3,0.3,2920,569,1.7,0.3,164954,837,98.3,0.3,144907,1678,86.3,1.0,3678,794,2.2,0.5,270,128,0.2,0.1,32,50,0.0,0.1,0,127,0.0,0.1,0,127,0,0.1,0,127,0,0.1,4324,771,2.6,0.5,299,192,0.2,0.1,1068,516,0.6,0.3,186,152,0.1,0.1,65,52,0.0,0.1,393,176,0.2,0.1,1131,414,0.7,0.2,1182,515,0.7,0.3,35,58,0.0,0.1,0,127,0.0,0.1,35,58,0.0,0.1,0,127,0,0.1,0,127,0.0,0.1,11740,1217,7.0,0.7,2920,569,1.7,0.3,690,232,0.4,0.1,402,147,0.2,0.1,415,178,0.2,0.1,40,46,0.0,0.1,167874,568,167874,(X),147363,1675,87.8,1.0,4900,908,2.9,0.5,843,254,0.5,0.2,5009,771,3.0,0.5,136,120,0.1,0.1,12797,1210,7.6,0.7,167874,568,167874,(X),17966,1210,10.7,0.7,978,402,0.6,0.2,5790,974,3.4,0.6,526,272,0.3,0.2,10672,1176,6.4,0.7,149908,1315,89.3,0.7,140110,1504,83.5,0.9,3060,798,1.8,0.5,249,118,0.1,0.1,4239,765,2.5,0.5,35,58,0.0,0.1,548,302,0.3,0.2,1667,358,1.0,0.2,77,79,0.0,0.1,1590,343,0.9,0.2,71354,776,(X),(X)
5,610U200US25025,25025,Second Essex,162940,69,162940,(X),77034,899,47.3,0.6,85906,904,52.7,0.6,9135,532,5.6,0.3,8842,609,5.4,0.4,8742,581,5.4,0.4,11033,719,6.8,0.4,10222,623,6.3,0.4,19504,996,12.0,0.6,22788,705,14.0,0.4,25448,851,15.6,0.5,11226,769,6.9,0.5,9195,671,5.6,0.4,11482,580,7.0,0.4,9623,527,5.9,0.3,5700,512,3.5,0.3,41.4,0.5,(X),(X),130028,804,79.8,0.5,122968,1112,75.5,0.7,32051,912,19.7,0.6,26805,772,16.5,0.5,130028,804,130028,(X),59805,744,46.0,0.5,70223,774,54.0,0.5,26805,772,26805,(X),10538,433,39.3,1.3,16267,628,60.7,1.3,162940,69,162940,(X),160867,540,98.7,0.3,2073,531,1.3,0.3,160867,540,98.7,0.3,148229,1371,91.0,0.8,4564,893,2.8,0.5,207,131,0.1,0.1,0,127,0.0,0.1,0,127,0.0,0.1,0,127,0,0.1,0,127,0,0.1,3570,727,2.2,0.4,391,259,0.2,0.2,803,307,0.5,0.2,839,447,0.5,0.3,266,153,0.2,0.1,351,239,0.2,0.1,569,336,0.3,0.2,351,277,0.2,0.2,42,53,0.0,0.1,28,47,0.0,0.1,0,127,0.0,0.1,0,127,0,0.1,14,22,0.0,0.1,4255,905,2.6,0.6,2073,531,1.3,0.3,597,267,0.4,0.2,349,163,0.2,0.1,475,266,0.3,0.2,155,227,0.1,0.1,162940,69,162940,(X),150085,1355,92.1,0.8,5446,962,3.3,0.6,808,331,0.5,0.2,4127,760,2.5,0.5,83,95,0.1,0.1,4602,935,2.8,0.6,162940,69,162940,(X),10535,991,6.5,0.6,803,278,0.5,0.2,2841,618,1.7,0.4,125,104,0.1,0.1,6766,893,4.2,0.5,152405,986,93.5,0.6,142492,1404,87.5,0.9,3506,730,2.2,0.4,129,95,0.1,0.1,3557,726,2.2,0.4,42,53,0.0,0.1,1075,569,0.7,0.3,1604,443,1.0,0.3,199,122,0.1,0.1,1405,436,0.9,0.3,69843,959,(X),(X)
6,610U200US25026,25026,Third Essex & Middlesex,153216,754,153216,(X),73534,1056,48.0,0.7,79682,1097,52.0,0.7,9556,739,6.2,0.5,9404,689,6.1,0.4,10439,639,6.8,0.4,10384,640,6.8,0.4,10144,619,6.6,0.4,18631,969,12.2,0.6,22596,824,14.7,0.5,23367,828,15.3,0.6,9483,640,6.2,0.4,8412,630,5.5,0.4,10511,524,6.9,0.3,7356,509,4.8,0.3,2933,304,1.9,0.2,39.0,0.5,(X),(X),116727,999,76.2,0.5,111237,1032,72.6,0.6,25170,687,16.4,0.4,20800,687,13.6,0.4,116727,999,116727,(X),54718,899,46.9,0.6,62009,798,53.1,0.6,20800,687,20800,(X),8604,398,41.4,1.5,12196,532,58.6,1.5,153216,754,153216,(X),148522,1145,96.9,0.6,4694,914,3.1,0.6,148522,1145,96.9,0.6,121059,1921,79.0,1.1,12856,1193,8.4,0.8,212,153,0.1,0.1,44,58,0.0,0.1,22,26,0.0,0.1,0,127,0,0.1,0,127,0,0.1,6493,708,4.2,0.5,553,306,0.4,0.2,878,278,0.6,0.2,38,37,0.0,0.1,86,75,0.1,0.1,100,85,0.1,0.1,952,353,0.6,0.2,3886,702,2.5,0.5,0,127,0.0,0.1,0,127,0.0,0.1,0,127,0.0,0.1,0,127,0,0.1,0,127,0.0,0.1,7902,1267,5.2,0.8,4694,914,3.1,0.6,2950,763,1.9,0.5,379,189,0.2,0.1,391,205,0.3,0.1,88,73,0.1,0.1,153216,754,153216,(X),125301,2016,81.8,1.2,16339,1209,10.7,0.8,790,266,0.5,0.2,7116,727,4.6,0.5,14,26,0.0,0.1,8543,1271,5.6,0.8,153216,754,153216,(X),26884,1424,17.5,0.9,1427,559,0.9,0.4,4526,942,3.0,0.6,84,60,0.1,0.1,20847,1487,13.6,1.0,126332,1588,82.5,0.9,106321,2004,69.4,1.2,10651,1044,7.0,0.7,92,76,0.1,0.1,6420,698,4.2,0.5,0,127,0.0,0.1,707,318,0.5,0.2,2141,492,1.4,0.3,190,116,0.1,0.1,1951,458,1.3,0.3,63211,885,(X),(X)
7,610U200US25027,25027,First Essex & Middlesex,168829,573,168829,(X),83113,982,49.2,0.5,85716,916,50.8,0.5,9077,633,5.4,0.4,10697,693,6.3,0.4,13154,625,7.8,0.4,11916,698,7.1,0.4,8379,697,5.0,0.4,14051,800,8.3,0.5,24661,691,14.6,0.4,30875,941,18.3,0.6,12279,642,7.3,0.4,10215,685,6.1,0.4,12667,639,7.5,0.4,7898,515,4.7,0.3,2960,364,1.8,0.2,42.5,0.5,(X),(X),128476,864,76.1,0.5,122013,976,72.3,0.6,28854,834,17.1,0.5,23525,676,13.9,0.4,128476,864,128476,(X),62267,873,48.5,0.5,66209,735,51.5,0.5,23525,676,23525,(X),10246,420,43.6,1.4,13279,515,56.4,1.4,168829,573,168829,(X),167336,688,99.1,0.2,1493,335,0.9,0.2,167336,688,99.1,0.2,160939,941,95.3,0.4,1068,366,0.6,0.2,209,104,0.1,0.1,0,127,0.0,0.1,11,18,0.0,0.1,0,127,0,0.1,8,13,0,0.1,3618,555,2.1,0.3,1022,333,0.6,0.2,869,242,0.5,0.1,301,160,0.2,0.1,32,32,0.0,0.1,919,378,0.5,0.2,164,150,0.1,0.1,311,176,0.2,0.1,98,112,0.1,0.1,98,112,0.1,0.1,0,127,0.0,0.1,0,127,0,0.1,0,127,0.0,0.1,1404,339,0.8,0.2,1493,335,0.9,0.2,246,114,0.1,0.1,309,149,0.2,0.1,580,219,0.3,0.1,102,131,0.1,0.1,168829,573,168829,(X),162264,893,96.1,0.4,1512,477,0.9,0.3,655,234,0.4,0.1,4310,628,2.6,0.4,98,112,0.1,0.1,1564,370,0.9,0.2,168829,573,168829,(X),3170,533,1.9,0.3,699,269,0.4,0.2,741,243,0.4,0.1,201,245,0.1,0.1,1529,336,0.9,0.2,165659,744,98.1,0.3,159142,960,94.3,0.4,1035,367,0.6,0.2,198,100,0.1,0.1,3618,555,2.1,0.3,98,112,0.1,0.1,210,155,0.1,0.1,1358,342,0.8,0.2,65,66,0.0,0.1,1293,338,0.8,0.2,67610,805,(X),(X)
8,610U200US25028,25028,Second Essex & Middlesex,165454,102,165454,(X),79680,948,48.2,0.6,85774,945,51.8,0.6,11153,649,6.7,0.4,11729,619,7.1,0.4,12565,655,7.6,0.4,13784,665,8.3,0.4,10208,754,6.2,0.5,19574,991,11.8,0.6,24067,832,14.5,0.5,24848,839,15.0,0.5,9971,684,6.0,0.4,8213,646,5.0,0.4,9607,541,5.8,0.3,6449,415,3.9,0.3,3286,541,2.0,0.3,36.7,0.6,(X),(X),121055,898,73.2,0.5,113955,1095,68.9,0.7,23825,914,14.4,0.6,19342,810,11.7,0.5,121055,898,121055,(X),57526,958,47.5,0.7,63529,903,52.5,0.7,19342,810,19342,(X),7760,448,40.1,2.2,11582,736,59.9,2.2,165454,102,165454,(X),162023,623,97.9,0.4,3431,634,2.1,0.4,162023,623,97.9,0.4,105468,1888,63.7,1.1,3682,829,2.2,0.5,296,129,0.2,0.1,5,7,0.0,0.1,0,127,0.0,0.1,0,127,0,0.1,0,127,0,0.1,7535,802,4.6,0.5,1161,388,0.7,0.2,2164,521,1.3,0.3,258,152,0.2,0.1,262,199,0.2,0.1,720,343,0.4,0.2,805,323,0.5,0.2,2165,637,1.3,0.4,155,137,0.1,0.1,0,127,0.0,0.1,101,140,0.1,0.1,0,127,0,0.1,54,79,0.0,0.1,44887,1778,27.1,1.1,3431,634,2.1,0.4,1255,397,0.8,0.2,209,102,0.1,0.1,413,177,0.2,0.1,62,44,0.0,0.1,165454,102,165454,(X),108375,1813,65.5,1.1,5297,903,3.2,0.5,671,209,0.4,0.1,8057,834,4.9,0.5,176,143,0.1,0.1,46354,1821,28.0,1.1,165454,102,165454,(X),57169,1404,34.6,0.8,995,325,0.6,0.2,18409,1766,11.1,1.1,519,216,0.3,0.1,37246,1933,22.5,1.2,108285,1399,65.4,0.8,96868,1542,58.5,0.9,2312,692,1.4,0.4,149,72,0.1,0.1,7338,811,4.4,0.5,130,108,0.1,0.1,248,149,0.1,0.1,1240,353,0.7,0.2,123,94,0.1,0.1,1117,333,0.7,0.2,63690,935,(X),(X)
9,610U200US25029,25029,Hampden,155414,2126,155414,(X),74308,1395,47.8,0.6,81106,1416,52.2,0.6,10965,615,7.1,0.4,10229,826,6.6,0.5,10760,646,6.9,0.4,14046,814,9.0,0.5,12949,594,8.3,0.4,18837,869,12.1,0.5,20612,756,13.3,0.5,21079,817,13.6,0.5,9168,632,5.9,0.4,7657,605,4.9,0.4,8613,539,5.5,0.3,7379,510,4.7,0.3,3120,337,2.0,0.2,35.0,0.6,(X),(X),115923,1663,74.6,0.5,106500,1576,68.5,0.7,23499,759,15.1,0.5,19112,643,12.3,0.4,115923,1663,115923,(X),53969,1049,46.6,0.6,61954,1093,53.4,0.6,19112,643,19112,(X),7656,422,40.1,1.6,11456,455,59.9,1.6,155414,2126,155414,(X),151510,2165,97.5,0.4,3904,644,2.5,0.4,151510,2165,97.5,0.4,98815,2198,63.6,1.1,22963,1286,14.8,0.8,804,350,0.5,0.2,36,52,0.0,0.1,13,21,0.0,0.1,0,127,0,0.1,0,127,0,0.1,3860,634,2.5,0.4,511,178,0.3,0.1,495,314,0.3,0.2,131,79,0.1,0.1,0,127,0.0,0.1,171,144,0.1,0.1,1845,491,1.2,0.3,707,413,0.5,0.3,21,34,0.0,0.1,0,127,0.0,0.1,0,127,0.0,0.1,0,127,0,0.1,21,34,0.0,0.1,25047,1683,16.1,1.1,3904,644,2.5,0.4,1845,523,1.2,0.3,273,152,0.2,0.1,215,127,0.1,0.1,176,100,0.1,0.1,155414,2126,155414,(X),101641,2348,65.4,1.2,25865,1255,16.6,0.8,1303,389,0.8,0.2,4189,647,2.7,0.4,88,77,0.1,0.1,26330,1750,16.9,1.1,155414,2126,155414,(X),42297,1651,27.2,0.9,1731,765,1.1,0.5,35920,1876,23.1,1.1,194,122,0.1,0.1,4452,909,2.9,0.6,113117,1772,72.8,0.9,85283,1541,54.9,0.9,21265,1184,13.7,0.7,400,192,0.3,0.1,3844,633,2.5,0.4,21,34,0.0,0.1,496,289,0.3,0.2,1808,419,1.2,0.3,8,13,0.0,0.1,1800,419,1.2,0.3,66638,682,(X),(X)
10,610U200US25030,25030,First Hampden & Hampshire,158192,2113,158192,(X),75589,1492,47.8,0.6,82603,1330,52.2,0.6,8586,533,5.4,0.3,10091,650,6.4,0.4,11500,669,7.3,0.4,11957,678,7.6,0.4,9591,718,6.1,0.4,17071,892,10.8,0.5,21021,697,13.3,0.4,25314,846,16.0,0.5,11222,607,7.1,0.4,7558,532,4.8,0.3,11692,529,7.4,0.3,8673,598,5.5,0.4,3916,373,2.5,0.2,40.3,0.5,(X),(X),120561,1680,76.2,0.6,113619,1520,71.8,0.6,28690,737,18.1,0.5,24281,607,15.3,0.4,120561,1680,120561,(X),56367,1155,46.8,0.6,64194,1099,53.2,0.6,24281,607,24281,(X),9782,377,40.3,1.2,14499,458,59.7,1.2,158192,2113,158192,(X),154510,2264,97.7,0.4,3682,601,2.3,0.4,154510,2264,97.7,0.4,128352,1920,81.1,0.9,13682,1213,8.6,0.7,66,48,0.0,0.1,0,127,0.0,0.1,0,127,0.0,0.1,0,127,0,0.1,0,127,0,0.1,2962,572,1.9,0.4,188,157,0.1,0.1,620,259,0.4,0.2,198,183,0.1,0.1,49,44,0.0,0.1,295,162,0.2,0.1,775,395,0.5,0.2,837,379,0.5,0.2,0,127,0.0,0.1,0,127,0.0,0.1,0,127,0.0,0.1,0,127,0,0.1,0,127,0.0,0.1,9448,1258,6.0,0.8,3682,601,2.3,0.4,1041,353,0.7,0.2,539,208,0.3,0.1,713,280,0.5,0.2,87,71,0.1,0.1,158192,2113,158192,(X),131693,1940,83.2,1.0,15368,1198,9.7,0.7,914,289,0.6,0.2,3802,588,2.4,0.4,75,60,0.0,0.1,10428,1285,6.6,0.8,158192,2113,158192,(X),21564,1533,13.6,0.9,929,546,0.6,0.3,17099,1475,10.8,0.9,245,146,0.2,0.1,3291,657,2.1,0.4,136628,1847,86.4,0.9,118487,1533,74.9,1.0,12427,1112,7.9,0.7,54,46,0.0,0.1,2955,571,1.9,0.4,0,127,0.0,0.1,194,161,0.1,0.1,2511,527,1.6,0.3,159,85,0.1,0.1,2352,500,1.5,0.3,61756,713,(X),(X)
11,610U200US25031,25031,Second Hampden & Hampshire,155650,717,155650,(X),75036,891,48.2,0.6,80614,1051,51.8,0.6,8185,527,5.3,0.3,10036,771,6.4,0.5,10439,702,6.7,0.5,11401,721,7.3,0.5,10701,702,6.9,0.5,17920,866,11.5,0.6,21465,784,13.8,0.5,24725,824,15.9,0.5,10141,616,6.5,0.4,8558,536,5.5,0.3,10185,479,6.5,0.3,7927,485,5.1,0.3,3967,379,2.5,0.2,39.5,0.5,(X),(X),120145,867,77.2,0.5,112969,953,72.6,0.6,26830,671,17.2,0.4,22079,540,14.2,0.4,120145,867,120145,(X),57023,858,47.5,0.6,63122,804,52.5,0.6,22079,540,22079,(X),8898,410,40.3,1.5,13181,427,59.7,1.5,155650,717,155650,(X),153451,911,98.6,0.4,2199,557,1.4,0.4,153451,911,98.6,0.4,140363,1478,90.2,0.8,3087,544,2.0,0.4,407,182,0.3,0.1,0,127,0.0,0.1,0,127,0.0,0.1,0,127,0,0.1,10,18,0,0.1,2720,623,1.7,0.4,331,181,0.2,0.1,409,218,0.3,0.1,284,159,0.2,0.1,89,112,0.1,0.1,222,142,0.1,0.1,43,35,0.0,0.1,1342,545,0.9,0.4,29,35,0.0,0.1,29,35,0.0,0.1,0,127,0.0,0.1,0,127,0,0.1,0,127,0.0,0.1,6845,944,4.4,0.6,2199,557,1.4,0.4,637,361,0.4,0.2,450,159,0.3,0.1,231,114,0.1,0.1,28,32,0.0,0.1,155650,717,155650,(X),142362,1417,91.5,0.8,3964,673,2.5,0.4,920,245,0.6,0.2,2985,634,1.9,0.4,33,35,0.0,0.1,7645,963,4.9,0.6,155650,717,155650,(X),27215,1075,17.5,0.7,719,303,0.5,0.2,23527,1188,15.1,0.8,242,124,0.2,0.1,2727,759,1.8,0.5,128435,1205,82.5,0.7,121337,1339,78.0,0.8,2704,536,1.7,0.3,203,100,0.1,0.1,2720,623,1.7,0.4,29,35,0.0,0.1,254,114,0.2,0.1,1188,342,0.8,0.2,123,148,0.1,0.1,1065,276,0.7,0.2,66110,870,(X),(X)
12,610U200US25032,25032,Hampshire & Franklin,156868,633,156868,(X),73938,633,47.1,0.4,82930,712,52.9,0.4,6274,322,4.0,0.2,7169,408,4.6,0.3,7802,499,5.0,0.3,17587,649,11.2,0.4,22823,541,14.5,0.3,15932,512,10.2,0.3,17740,481,11.3,0.3,21606,498,13.8,0.3,11096,487,7.1,0.3,8973,460,5.7,0.3,10072,333,6.4,0.2,6524,349,4.2,0.2,3270,292,2.1,0.2,35.7,0.6,(X),(X),130266,570,83.0,0.3,110580,979,70.5,0.6,25142,548,16.0,0.3,19866,425,12.7,0.3,130266,570,130266,(X),60371,524,46.3,0.4,69895,636,53.7,0.4,19866,425,19866,(X),8556,260,43.1,0.8,11310,282,56.9,0.8,156868,633,156868,(X),153061,748,97.6,0.3,3807,466,2.4,0.3,153061,748,97.6,0.3,139191,896,88.7,0.4,4008,363,2.6,0.2,330,114,0.2,0.1,5,8,0.0,0.1,0,127,0.0,0.1,27,29,0,0.1,0,127,0,0.1,6949,447,4.4,0.3,1193,286,0.8,0.2,2385,383,1.5,0.2,325,169,0.2,0.1,312,155,0.2,0.1,928,262,0.6,0.2,545,169,0.3,0.1,1261,423,0.8,0.3,35,36,0.0,0.1,0,127,0.0,0.1,0,127,0.0,0.1,35,36,0,0.1,0,127,0.0,0.1,2548,529,1.6,0.3,3807,466,2.4,0.3,1320,328,0.8,0.2,739,128,0.5,0.1,924,215,0.6,0.1,143,98,0.1,0.1,156868,633,156868,(X),142655,971,90.9,0.5,5681,368,3.6,0.2,1283,194,0.8,0.1,8045,399,5.1,0.3,75,63,0.0,0.1,3061,590,2.0,0.4,156868,633,156868,(X),7269,351,4.6,0.2,770,250,0.5,0.2,4021,459,2.6,0.3,210,107,0.1,0.1,2268,382,1.4,0.2,149599,714,95.4,0.2,135282,820,86.2,0.3,3701,307,2.4,0.2,255,85,0.2,0.1,6909,443,4.4,0.3,35,36,0.0,0.1,294,122,0.2,0.1,3123,375,2.0,0.2,189,102,0.1,0.1,2934,389,1.9,0.2,62559,814,(X),(X)
13,610U200US25033,25033,First Middlesex,162398,86,162398,(X),79831,994,49.2,0.6,82567,994,50.8,0.6,11323,799,7.0,0.5,11340,663,7.0,0.4,11640,708,7.2,0.4,12628,742,7.8,0.5,11838,887,7.3,0.5,21133,926,13.0,0.6,24074,924,14.8,0.6,24941,919,15.4,0.6,9873,637,6.1,0.4,7666,524,4.7,0.3,8317,467,5.1,0.3,5575,396,3.4,0.2,2050,274,1.3,0.2,35.6,0.6,(X),(X),120425,1014,74.2,0.6,112931,1119,69.5,0.7,20311,579,12.5,0.4,15942,573,9.8,0.4,120425,1014,120425,(X),57965,1153,48.1,0.7,62460,770,51.9,0.7,15942,573,15942,(X),6432,360,40.3,1.7,9510,430,59.7,1.7,162398,86,162398,(X),158828,603,97.8,0.4,3570,597,2.2,0.4,158828,603,97.8,0.4,116200,1957,71.6,1.2,7048,1173,4.3,0.7,165,84,0.1,0.1,0,127,0.0,0.1,0,127,0.0,0.1,0,127,0,0.1,12,20,0,0.1,24086,1302,14.8,0.8,2792,675,1.7,0.4,1537,367,0.9,0.2,574,301,0.4,0.2,48,40,0.0,0.1,239,190,0.1,0.1,2359,807,1.5,0.5,16537,1164,10.2,0.7,111,59,0.1,0.1,26,35,0.0,0.1,18,30,0.0,0.1,15,28,0,0.1,52,53,0.0,0.1,11218,1315,6.9,0.8,3570,597,2.2,0.4,861,352,0.5,0.2,470,239,0.3,0.1,906,323,0.6,0.2,20,33,0.0,0.1,162398,86,162398,(X),119301,1982,73.5,1.2,8121,1274,5.0,0.8,751,299,0.5,0.2,25246,1371,15.5,0.8,167,78,0.1,0.1,12425,1327,7.7,0.8,162398,86,162398,(X),18533,1392,11.4,0.9,829,505,0.5,0.3,11855,1174,7.3,0.7,214,96,0.1,0.1,5635,862,3.5,0.5,143865,1397,88.6,0.9,108481,1967,66.8,1.2,6641,1183,4.1,0.7,157,83,0.1,0.1,23921,1288,14.7,0.8,88,62,0.1,0.1,2198,811,1.4,0.5,2379,450,1.5,0.3,284,152,0.2,0.1,2095,468,1.3,0.3,63369,983,(X),(X)
14,610U200US25034,25034,Second Middlesex,150215,952,150215,(X),70734,1224,47.1,0.7,79481,1080,52.9,0.7,7526,680,5.0,0.4,6886,567,4.6,0.4,6130,573,4.1,0.4,8375,682,5.6,0.5,15340,1016,10.2,0.7,33503,1317,22.3,0.8,20556,786,13.7,0.5,18161,909,12.1,0.6,8463,653,5.6,0.4,5883,495,3.9,0.3,8908,490,5.9,0.3,7104,547,4.7,0.4,3380,385,2.3,0.3,33.9,0.5,(X),(X),125979,1164,83.9,0.6,118497,1202,78.9,0.7,22579,806,15.0,0.5,19392,686,12.9,0.5,125979,1164,125979,(X),58657,1169,46.6,0.8,67322,1061,53.4,0.8,19392,686,19392,(X),7273,390,37.5,1.5,12119,508,62.5,1.5,150215,952,150215,(X),147180,961,98.0,0.4,3035,574,2.0,0.4,147180,961,98.0,0.4,120309,1885,80.1,1.3,9454,1243,6.3,0.8,374,236,0.2,0.2,0,127,0.0,0.1,12,20,0.0,0.1,0,127,0,0.1,0,127,0,0.1,12207,1298,8.1,0.9,3001,782,2.0,0.5,4472,731,3.0,0.5,76,46,0.1,0.1,339,149,0.2,0.1,751,234,0.5,0.2,1157,485,0.8,0.3,2411,639,1.6,0.4,163,167,0.1,0.1,0,127,0.0,0.1,148,176,0.1,0.1,0,127,0,0.1,15,24,0.0,0.1,4673,884,3.1,0.6,3035,574,2.0,0.4,952,326,0.6,0.2,377,189,0.3,0.1,858,245,0.6,0.2,87,56,0.1,0.1,150215,952,150215,(X),123062,1845,81.9,1.2,10793,1187,7.2,0.8,884,324,0.6,0.2,13201,1328,8.8,0.9,233,180,0.2,0.1,5288,997,3.5,0.7,150215,952,150215,(X),8464,1074,5.6,0.7,889,262,0.6,0.2,1602,477,1.1,0.3,327,216,0.2,0.1,5646,936,3.8,0.6,141751,1446,94.4,0.7,115731,1909,77.0,1.3,9059,1288,6.0,0.9,236,122,0.2,0.1,12156,1284,8.1,0.8,163,167,0.1,0.1,1806,627,1.2,0.4,2600,530,1.7,0.4,225,137,0.1,0.1,2375,485,1.6,0.3,65079,911,(X),(X)
15,610U200US25035,25035,Third Middlesex,163854,677,163854,(X),81575,916,49.8,0.5,82279,894,50.2,0.5,8211,566,5.0,0.3,10086,668,6.2,0.4,10489,651,6.4,0.4,13786,2140,8.4,1.3,10822,899,6.6,0.5,17568,1024,10.7,0.6,23582,969,14.4,0.6,26461,1004,16.1,0.6,10784,701,6.6,0.4,9047,699,5.5,0.4,11063,557,6.8,0.3,8389,491,5.1,0.3,3566,397,2.2,0.2,40.2,0.6,(X),(X),128205,1022,78.2,0.6,118301,1849,72.2,1.1,28162,883,17.2,0.5,23018,678,14.0,0.4,128205,1022,128205,(X),63620,1034,49.6,0.7,64585,938,50.4,0.7,23018,678,23018,(X),9829,465,42.7,1.6,13189,547,57.3,1.6,163854,677,163854,(X),161003,908,98.3,0.4,2851,584,1.7,0.4,161003,908,98.3,0.4,136687,1910,83.4,1.1,4965,817,3.0,0.5,158,76,0.1,0.1,3,6,0.0,0.1,0,127,0.0,0.1,0,127,0,0.1,0,127,0,0.1,15033,1317,9.2,0.8,4335,1162,2.6,0.7,6602,882,4.0,0.5,626,285,0.4,0.2,466,226,0.3,0.1,1355,335,0.8,0.2,531,214,0.3,0.1,1118,479,0.7,0.3,104,112,0.1,0.1,85,109,0.1,0.1,0,127,0.0,0.1,0,127,0,0.1,19,32,0.0,0.1,4056,1035,2.5,0.6,2851,584,1.7,0.4,319,174,0.2,0.1,433,203,0.3,0.1,1371,423,0.8,0.3,59,58,0.0,0.1,163854,677,163854,(X),139064,1857,84.9,1.1,5533,877,3.4,0.5,676,225,0.4,0.1,16785,1241,10.2,0.8,249,146,0.2,0.1,4447,1075,2.7,0.7,163854,677,163854,(X),10506,1248,6.4,0.8,1910,671,1.2,0.4,1958,383,1.2,0.2,280,146,0.2,0.1,6358,1052,3.9,0.6,153348,1391,93.6,0.8,130352,1975,79.6,1.1,4326,692,2.6,0.4,148,74,0.1,0.1,14890,1289,9.1,0.8,104,112,0.1,0.1,975,425,0.6,0.3,2553,546,1.6,0.3,237,134,0.1,0.1,2316,528,1.4,0.3,64109,1287,(X),(X)
16,610U200US25036,25036,Fourth Middlesex,158163,776,158163,(X),75397,964,47.7,0.5,82766,846,52.3,0.5,9148,686,5.8,0.4,10479,649,6.6,0.4,9520,689,6.0,0.4,8613,521,5.4,0.3,6738,618,4.3,0.4,19880,970,12.6,0.6,24507,845,15.5,0.5,26330,994,16.6,0.6,10007,623,6.3,0.4,8524,551,5.4,0.3,12808,586,8.1,0.4,8042,503,5.1,0.3,3567,541,2.3,0.3,41.1,0.5,(X),(X),122759,1042,77.6,0.5,119092,1040,75.3,0.5,29176,855,18.4,0.5,24417,803,15.4,0.5,122759,1042,122759,(X),57780,850,47.1,0.5,64979,788,52.9,0.5,24417,803,24417,(X),10273,416,42.1,1.2,14144,575,57.9,1.2,158163,776,158163,(X),155414,857,98.3,0.3,2749,449,1.7,0.3,155414,857,98.3,0.3,135700,1362,85.8,0.8,3485,689,2.2,0.4,67,49,0.0,0.1,0,127,0.0,0.1,0,127,0.0,0.1,0,127,0,0.1,0,127,0,0.1,14941,976,9.4,0.6,6538,881,4.1,0.6,4902,701,3.1,0.4,434,263,0.3,0.2,523,211,0.3,0.1,826,284,0.5,0.2,549,274,0.3,0.2,1169,385,0.7,0.2,0,127,0.0,0.1,0,127,0.0,0.1,0,127,0.0,0.1,0,127,0,0.1,0,127,0.0,0.1,1221,396,0.8,0.3,2749,449,1.7,0.3,677,263,0.4,0.2,404,188,0.3,0.1,1177,259,0.7,0.2,0,127,0.0,0.1,158163,776,158163,(X),138289,1245,87.4,0.7,4346,732,2.7,0.5,542,228,0.3,0.1,16289,1035,10.3,0.6,39,48,0.0,0.1,1562,459,1.0,0.3,158163,776,158163,(X),4091,669,2.6,0.4,708,255,0.4,0.2,974,308,0.6,0.2,235,140,0.1,0.1,2174,545,1.4,0.3,154072,961,97.4,0.4,132791,1523,84.0,0.9,3397,695,2.1,0.4,57,46,0.0,0.1,14941,976,9.4,0.6,0,127,0.0,0.1,404,214,0.3,0.1,2482,440,1.6,0.3,181,113,0.1,0.1,2301,436,1.5,0.3,65455,799,(X),(X)
17,610U200US25037,25037,Middlesex & Essex,159154,461,159154,(X),78168,1055,49.1,0.7,80986,1083,50.9,0.7,8490,574,5.3,0.4,9717,629,6.1,0.4,9883,593,6.2,0.4,9057,693,5.7,0.4,9489,798,6.0,0.5,21018,944,13.2,0.6,24266,845,15.2,0.5,25545,910,16.1,0.6,10266,683,6.5,0.4,8211,603,5.2,0.4,11329,640,7.1,0.4,8044,451,5.1,0.3,3839,440,2.4,0.3,40.3,0.5,(X),(X),124977,1068,78.5,0.6,120168,1095,75.5,0.6,27863,814,17.5,0.5,23212,739,14.6,0.5,124977,1068,124977,(X),60148,1030,48.1,0.6,64829,868,51.9,0.6,23212,739,23212,(X),9691,463,41.7,1.4,13521,532,58.3,1.4,159154,461,159154,(X),156449,638,98.3,0.3,2705,495,1.7,0.3,156449,638,98.3,0.3,129878,1636,81.6,0.9,9547,1312,6.0,0.8,104,64,0.1,0.1,28,41,0.0,0.1,0,127,0.0,0.1,0,127,0,0.1,0,127,0,0.1,14064,1130,8.8,0.7,2314,452,1.5,0.3,7521,902,4.7,0.6,597,419,0.4,0.3,126,87,0.1,0.1,311,145,0.2,0.1,1906,615,1.2,0.4,1289,383,0.8,0.2,18,30,0.0,0.1,0,127,0.0,0.1,18,30,0.0,0.1,0,127,0,0.1,0,127,0.0,0.1,2838,664,1.8,0.4,2705,495,1.7,0.3,671,254,0.4,0.2,260,146,0.2,0.1,713,278,0.4,0.2,114,89,0.1,0.1,159154,461,159154,(X),132160,1653,83.0,0.9,10859,1298,6.8,0.8,507,197,0.3,0.1,15167,1208,9.5,0.8,31,36,0.0,0.1,3380,739,2.1,0.5,159154,461,159154,(X),7356,959,4.6,0.6,609,308,0.4,0.2,1631,471,1.0,0.3,213,168,0.1,0.1,4903,971,3.1,0.6,151798,1022,95.4,0.6,124861,1660,78.5,1.0,9378,1302,5.9,0.8,104,64,0.1,0.1,14051,1131,8.8,0.7,18,30,0.0,0.1,1210,475,0.8,0.3,2176,475,1.4,0.3,328,199,0.2,0.1,1848,462,1.2,0.3,67121,764,(X),(X)
18,610U200US25038,25038,First Middlesex & Norfolk,156026,665,156026,(X),72506,1023,46.5,0.6,83520,1022,53.5,0.6,8560,596,5.5,0.4,9934,613,6.4,0.4,9019,433,5.8,0.3,12673,1073,8.1,0.7,14085,1372,9.0,0.9,19349,1015,12.4,0.6,20718,778,13.3,0.5,21352,814,13.7,0.5,10257,582,6.6,0.4,8970,558,5.7,0.4,10347,643,6.6,0.4,7158,491,4.6,0.3,3604,337,2.3,0.2,37.4,0.5,(X),(X),122987,1093,78.8,0.6,113560,1162,72.8,0.7,26109,834,16.7,0.5,21109,693,13.5,0.5,122987,1093,122987,(X),56036,1056,45.6,0.7,66951,1046,54.4,0.7,21109,693,21109,(X),9029,446,42.8,1.5,12080,496,57.2,1.5,156026,665,156026,(X),153161,678,98.2,0.3,2865,451,1.8,0.3,153161,678,98.2,0.3,127491,1443,81.7,0.9,3525,522,2.3,0.3,90,67,0.1,0.1,5,8,0.0,0.1,0,127,0.0,0.1,0,127,0,0.1,0,127,0,0.1,18860,1265,12.1,0.8,2824,506,1.8,0.3,10527,1165,6.7,0.7,283,129,0.2,0.1,1336,376,0.9,0.2,2399,533,1.5,0.3,648,371,0.4,0.2,843,277,0.5,0.2,144,114,0.1,0.1,0,127,0.0,0.1,0,127,0.0,0.1,0,127,0,0.1,144,114,0.1,0.1,3051,868,2.0,0.6,2865,451,1.8,0.3,555,187,0.4,0.1,112,79,0.1,0.1,1555,302,1.0,0.2,30,48,0.0,0.1,156026,665,156026,(X),130096,1431,83.4,0.9,4348,584,2.8,0.4,347,137,0.2,0.1,20623,1293,13.2,0.8,284,162,0.2,0.1,3358,891,2.2,0.6,156026,665,156026,(X),7282,830,4.7,0.5,841,252,0.5,0.2,1403,355,0.9,0.2,348,156,0.2,0.1,4690,690,3.0,0.4,148744,990,95.3,0.5,123050,1419,78.9,0.9,3393,514,2.2,0.3,30,31,0.0,0.1,18833,1266,12.1,0.8,144,114,0.1,0.1,693,290,0.4,0.2,2601,416,1.7,0.3,150,67,0.1,0.1,2451,405,1.6,0.3,62254,970,(X),(X)
19,610U200US25039,25039,Second Middlesex & Norfolk,162637,735,162637,(X),79763,1158,49.0,0.7,82874,1184,51.0,0.7,10469,603,6.4,0.4,11906,731,7.3,0.4,11215,635,6.9,0.4,10992,861,6.8,0.5,8183,712,5.0,0.4,19149,986,11.8,0.6,26493,914,16.3,0.6,26402,868,16.2,0.5,10128,567,6.2,0.3,8821,613,5.4,0.4,9402,537,5.8,0.3,6632,540,4.1,0.3,2845,360,1.7,0.2,38.9,0.5,(X),(X),122355,1033,75.2,0.5,116118,1156,71.4,0.6,23838,747,14.7,0.4,18879,589,11.6,0.4,122355,1033,122355,(X),59002,1226,48.2,0.8,63353,847,51.8,0.8,18879,589,18879,(X),8080,413,42.8,1.6,10799,419,57.2,1.6,162637,735,162637,(X),159941,871,98.3,0.3,2696,450,1.7,0.3,159941,871,98.3,0.3,135589,1703,83.4,1.0,5813,976,3.6,0.6,418,137,0.3,0.1,103,76,0.1,0.1,0,127,0.0,0.1,0,127,0,0.1,0,127,0,0.1,9689,826,6.0,0.5,4642,687,2.9,0.4,2923,614,1.8,0.4,198,121,0.1,0.1,336,164,0.2,0.1,512,194,0.3,0.1,622,307,0.4,0.2,456,214,0.3,0.1,0,127,0.0,0.1,0,127,0.0,0.1,0,127,0.0,0.1,0,127,0,0.1,0,127,0.0,0.1,8432,1174,5.2,0.7,2696,450,1.7,0.3,684,282,0.4,0.2,231,105,0.1,0.1,684,259,0.4,0.2,84,77,0.1,0.1,162637,735,162637,(X),137885,1672,84.8,1.0,6808,1024,4.2,0.6,941,253,0.6,0.2,10518,854,6.5,0.5,69,57,0.0,0.1,9250,1176,5.7,0.7,162637,735,162637,(X),10816,1150,6.7,0.7,881,430,0.5,0.3,3400,549,2.1,0.3,341,192,0.2,0.1,6194,926,3.8,0.6,151821,1368,93.3,0.7,130610,1787,80.3,1.1,5218,976,3.2,0.6,391,138,0.2,0.1,9683,826,6.0,0.5,0,127,0.0,0.1,3802,1114,2.3,0.7,2117,404,1.3,0.2,485,210,0.3,0.1,1632,354,1.0,0.2,63881,748,(X),(X)
20,610U200US25040,25040,Second Suffolk & Middlesex,162683,3009,162683,(X),75906,1943,46.7,0.8,86777,1981,53.3,0.8,6194,591,3.8,0.4,4912,440,3.0,0.3,4265,437,2.6,0.3,16833,1771,10.3,1.0,28263,1358,17.4,0.8,36811,1524,22.6,0.9,18126,987,11.1,0.6,16158,805,9.9,0.5,7255,500,4.5,0.3,6228,504,3.8,0.3,7717,468,4.7,0.3,6791,503,4.2,0.3,3130,371,1.9,0.2,29.4,0.5,(X),(X),144197,2813,88.6,0.4,123802,2017,76.1,1.1,20939,858,12.9,0.5,17638,776,10.8,0.5,144197,2813,144197,(X),66229,1777,45.9,0.8,77968,1863,54.1,0.8,17638,776,17638,(X),6742,400,38.2,1.8,10896,605,61.8,1.8,162683,3009,162683,(X),159687,2981,98.2,0.3,2996,484,1.8,0.3,159687,2981,98.2,0.3,126988,2542,78.1,0.9,8593,890,5.3,0.5,297,110,0.2,0.1,23,27,0.0,0.1,0,127,0.0,0.1,0,127,0,0.1,0,127,0,0.1,20507,1278,12.6,0.8,3747,691,2.3,0.4,10712,1006,6.6,0.6,522,196,0.3,0.1,851,232,0.5,0.1,2413,481,1.5,0.3,546,275,0.3,0.2,1716,437,1.1,0.3,115,73,0.1,0.1,31,37,0.0,0.1,58,57,0.0,0.1,15,24,0,0.1,11,20,0.0,0.1,3187,679,2.0,0.4,2996,484,1.8,0.3,718,272,0.4,0.2,215,116,0.1,0.1,1275,289,0.8,0.2,39,36,0.0,0.1,162683,3009,162683,(X),129733,2589,79.7,0.9,9513,880,5.8,0.5,678,166,0.4,0.1,21985,1303,13.5,0.8,242,96,0.1,0.1,3681,733,2.3,0.4,162683,3009,162683,(X),9698,995,6.0,0.6,1237,289,0.8,0.2,2317,523,1.4,0.3,859,279,0.5,0.2,5285,809,3.2,0.5,152985,2865,94.0,0.6,120747,2586,74.2,1.0,8108,857,5.0,0.5,194,82,0.1,0.1,20388,1267,12.5,0.7,115,73,0.1,0.1,925,389,0.6,0.2,2508,438,1.5,0.3,270,143,0.2,0.1,2238,397,1.4,0.2,74445,739,(X),(X)
21,610U200US25041,25041,"Middlesex, Suffolk & Essex",165030,2116,165030,(X),81357,1639,49.3,0.8,83673,1712,50.7,0.8,10342,766,6.3,0.5,7960,718,4.8,0.4,7085,654,4.3,0.4,10564,983,6.4,0.6,16770,1119,10.2,0.6,35695,1872,21.6,1.0,23476,1117,14.2,0.7,20152,1012,12.2,0.6,8529,614,5.2,0.4,6673,540,4.0,0.3,8403,479,5.1,0.3,6372,525,3.9,0.3,3009,339,1.8,0.2,32.7,0.6,(X),(X),134586,2104,81.6,0.7,126254,2110,76.5,0.9,21700,908,13.1,0.6,17784,732,10.8,0.5,134586,2104,134586,(X),65844,1672,48.9,0.9,68742,1455,51.1,0.9,17784,732,17784,(X),7220,440,40.6,1.7,10564,515,59.4,1.7,165030,2116,165030,(X),150969,2801,91.5,1.1,14061,1777,8.5,1.1,150969,2801,91.5,1.1,115734,2800,70.1,1.4,13604,1564,8.2,1.0,180,87,0.1,0.1,7,11,0.0,0.1,0,127,0.0,0.1,0,127,0,0.1,0,127,0,0.1,11800,1176,7.2,0.7,2306,549,1.4,0.3,4600,699,2.8,0.4,418,223,0.3,0.1,356,124,0.2,0.1,1094,288,0.7,0.2,1765,727,1.1,0.4,1261,439,0.8,0.3,98,91,0.1,0.1,28,49,0.0,0.1,40,64,0.0,0.1,0,127,0,0.1,30,48,0.0,0.1,9553,1576,5.8,0.9,14061,1777,8.5,1.1,11124,1632,6.7,1.0,399,124,0.2,0.1,761,221,0.5,0.1,182,206,0.1,0.1,165030,2116,165030,(X),129145,2730,78.3,1.4,25298,2039,15.3,1.2,912,293,0.6,0.2,12854,1217,7.8,0.7,200,129,0.1,0.1,10836,1578,6.6,1.0,165030,2116,165030,(X),36457,1750,22.1,1.1,3103,836,1.9,0.5,6518,1009,3.9,0.6,479,272,0.3,0.2,26357,2020,16.0,1.2,128573,2614,77.9,1.1,99147,2752,60.1,1.4,12225,1428,7.4,0.9,99,65,0.1,0.1,11767,1177,7.1,0.7,68,77,0.0,0.1,2014,595,1.2,0.4,3253,640,2.0,0.4,263,182,0.2,0.1,2990,605,1.8,0.4,71329,1065,(X),(X)
22,610U200US25042,25042,Middlesex & Worcester,170799,623,170799,(X),85532,1072,50.1,0.6,85267,1071,49.9,0.6,10412,653,6.1,0.4,11864,637,6.9,0.4,12334,623,7.2,0.4,11130,814,6.5,0.5,7165,627,4.2,0.4,18617,1042,10.9,0.6,29435,868,17.2,0.5,29922,962,17.5,0.6,11053,613,6.5,0.4,8716,597,5.1,0.4,10113,547,5.9,0.3,7087,539,4.1,0.3,2951,327,1.7,0.2,40.1,0.4,(X),(X),127783,859,74.8,0.4,123389,897,72.2,0.5,25322,780,14.8,0.5,20151,672,11.8,0.4,127783,859,127783,(X),63834,963,50.0,0.6,63949,808,50.0,0.6,20151,672,20151,(X),8866,437,44.0,1.6,11285,502,56.0,1.6,170799,623,170799,(X),166624,990,97.6,0.5,4175,778,2.4,0.5,166624,990,97.6,0.5,146688,1913,85.9,1.0,3481,721,2.0,0.4,300,124,0.2,0.1,34,52,0.0,0.1,8,15,0.0,0.1,0,127,0,0.1,0,127,0,0.1,13404,1189,7.8,0.7,4943,780,2.9,0.5,5157,684,3.0,0.4,289,140,0.2,0.1,330,131,0.2,0.1,1085,371,0.6,0.2,935,522,0.5,0.3,665,281,0.4,0.2,0,127,0.0,0.1,0,127,0.0,0.1,0,127,0.0,0.1,0,127,0,0.1,0,127,0.0,0.1,2751,717,1.6,0.4,4175,778,2.4,0.5,1372,511,0.8,0.3,507,253,0.3,0.1,1083,329,0.6,0.2,118,104,0.1,0.1,170799,623,170799,(X),150388,1749,88.0,0.9,5408,954,3.2,0.6,1053,365,0.6,0.2,14807,1240,8.7,0.7,78,81,0.0,0.1,3567,816,2.1,0.5,170799,623,170799,(X),8253,964,4.8,0.6,1519,485,0.9,0.3,2675,514,1.6,0.3,236,119,0.1,0.1,3823,868,2.2,0.5,162546,1142,95.2,0.6,141304,1916,82.7,1.1,3366,716,2.0,0.4,254,121,0.1,0.1,13393,1186,7.8,0.7,0,127,0.0,0.1,879,313,0.5,0.2,3350,716,2.0,0.4,181,104,0.1,0.1,3169,691,1.9,0.4,67681,859,(X),(X)
23,610U200US25043,25043,"Norfolk, Bristol & Middlesex",168033,1241,168033,(X),82315,1423,49.0,0.7,85718,1142,51.0,0.7,10099,608,6.0,0.4,12395,710,7.4,0.4,12510,663,7.4,0.4,13434,986,8.0,0.6,8882,736,5.3,0.4,13890,963,8.3,0.6,26184,797,15.6,0.4,29498,922,17.6,0.6,11304,848,6.7,0.5,8635,586,5.1,0.3,11230,596,6.7,0.4,6713,500,4.0,0.3,3259,359,1.9,0.2,40.3,0.5,(X),(X),125406,1150,74.6,0.4,117386,1102,69.9,0.5,26083,796,15.5,0.5,21202,642,12.6,0.4,125406,1150,125406,(X),59977,1147,47.8,0.7,65429,818,52.2,0.7,21202,642,21202,(X),9194,399,43.4,1.4,12008,471,56.6,1.4,168033,1241,168033,(X),165875,1255,98.7,0.2,2158,403,1.3,0.2,165875,1255,98.7,0.2,153184,1447,91.2,0.6,2329,480,1.4,0.3,105,75,0.1,0.1,26,37,0.0,0.1,0,127,0.0,0.1,0,127,0,0.1,0,127,0,0.1,8487,949,5.1,0.6,2072,557,1.2,0.3,3873,586,2.3,0.3,205,119,0.1,0.1,92,64,0.1,0.1,970,328,0.6,0.2,466,305,0.3,0.2,809,260,0.5,0.2,35,52,0.0,0.1,0,127,0.0,0.1,31,51,0.0,0.1,0,127,0,0.1,4,15,0.0,0.1,1735,400,1.0,0.2,2158,403,1.3,0.2,397,166,0.2,0.1,569,245,0.3,0.1,857,218,0.5,0.1,25,31,0.0,0.1,168033,1241,168033,(X),155193,1453,92.4,0.6,2889,551,1.7,0.3,736,269,0.4,0.2,9402,993,5.6,0.6,108,89,0.1,0.1,1913,400,1.1,0.2,168033,1241,168033,(X),4699,665,2.8,0.4,965,306,0.6,0.2,1059,324,0.6,0.2,291,150,0.2,0.1,2384,578,1.4,0.3,163334,1259,97.2,0.4,150206,1444,89.4,0.7,2247,479,1.3,0.3,104,75,0.1,0.1,8466,948,5.0,0.6,33,52,0.0,0.1,459,217,0.3,0.1,1819,346,1.1,0.2,58,45,0.0,0.1,1761,345,1.0,0.2,63532,746,(X),(X)
24,610U200US25044,25044,"Norfolk, Bristol & Plymouth",154751,1075,154751,(X),74131,1087,47.9,0.6,80620,1048,52.1,0.6,9124,597,5.9,0.4,9748,648,6.3,0.4,9945,672,6.4,0.4,10648,727,6.9,0.5,8197,710,5.3,0.5,14607,1000,9.4,0.6,23720,890,15.3,0.6,25886,888,16.7,0.6,10796,621,7.0,0.4,8951,698,5.8,0.4,10867,556,7.0,0.4,8283,546,5.4,0.4,3979,570,2.6,0.4,41.5,0.5,(X),(X),118960,1044,76.9,0.6,113158,1155,73.1,0.7,28353,1109,18.3,0.7,23129,910,14.9,0.6,118960,1044,118960,(X),55023,843,46.3,0.6,63937,922,53.7,0.6,23129,910,23129,(X),9268,452,40.1,1.1,13861,592,59.9,1.1,154751,1075,154751,(X),153127,1111,99.0,0.2,1624,325,1.0,0.2,153127,1111,99.0,0.2,121575,1709,78.6,0.8,20783,1141,13.4,0.8,289,205,0.2,0.1,0,127,0.0,0.1,19,32,0.0,0.1,0,127,0,0.1,0,127,0,0.1,8905,767,5.8,0.5,1293,465,0.8,0.3,3644,701,2.4,0.5,375,212,0.2,0.1,200,174,0.1,0.1,490,372,0.3,0.2,2039,550,1.3,0.4,864,420,0.6,0.3,0,127,0.0,0.1,0,127,0.0,0.1,0,127,0.0,0.1,0,127,0,0.1,0,127,0.0,0.1,1575,444,1.0,0.3,1624,325,1.0,0.2,573,218,0.4,0.1,120,71,0.1,0.1,300,116,0.2,0.1,71,63,0.0,0.1,154751,1075,154751,(X),122866,1726,79.4,0.9,21667,1084,14.0,0.7,533,242,0.3,0.2,9363,777,6.1,0.5,12,19,0.0,0.1,2051,490,1.3,0.3,154751,1075,154751,(X),4321,594,2.8,0.4,491,204,0.3,0.1,1370,436,0.9,0.3,139,103,0.1,0.1,2321,533,1.5,0.3,150430,1177,97.2,0.4,119209,1721,77.0,0.9,19970,1137,12.9,0.8,96,80,0.1,0.1,8897,768,5.7,0.5,0,127,0.0,0.1,711,316,0.5,0.2,1547,331,1.0,0.2,378,176,0.2,0.1,1169,295,0.8,0.2,59607,820,(X),(X)
25,610U200US25045,25045,Norfolk & Plymouth,158048,634,158048,(X),74766,1106,47.3,0.7,83282,1170,52.7,0.7,8043,635,5.1,0.4,8253,695,5.2,0.4,8736,665,5.5,0.4,8646,726,5.5,0.5,9810,687,6.2,0.4,25285,1160,16.0,0.7,23115,1044,14.6,0.7,24079,981,15.2,0.6,10270,735,6.5,0.5,8707,652,5.5,0.4,11811,598,7.5,0.4,7929,557,5.0,0.4,3364,386,2.1,0.2,39.5,0.4,(X),(X),127566,872,80.7,0.5,122456,1053,77.5,0.6,27872,884,17.6,0.6,23104,745,14.6,0.5,127566,872,127566,(X),59832,983,46.9,0.7,67734,1085,53.1,0.7,23104,745,23104,(X),9015,405,39.0,1.3,14089,560,61.0,1.3,158048,634,158048,(X),155868,699,98.6,0.3,2180,480,1.4,0.3,155868,699,98.6,0.3,123583,1594,78.2,0.9,7476,978,4.7,0.6,136,78,0.1,0.1,52,51,0.0,0.1,0,127,0.0,0.1,0,127,0,0.1,0,127,0,0.1,23240,976,14.7,0.6,3377,592,2.1,0.4,14872,1111,9.4,0.7,940,300,0.6,0.2,388,203,0.2,0.1,308,148,0.2,0.1,2553,681,1.6,0.4,802,306,0.5,0.2,170,125,0.1,0.1,0,127,0.0,0.1,0,127,0.0,0.1,0,127,0,0.1,170,125,0.1,0.1,1263,394,0.8,0.2,2180,480,1.4,0.3,649,287,0.4,0.2,596,229,0.4,0.1,489,258,0.3,0.2,93,102,0.1,0.1,158048,634,158048,(X),125591,1617,79.5,0.9,8307,1050,5.3,0.7,878,255,0.6,0.2,23814,1033,15.1,0.7,323,92,0.2,0.1,1393,424,0.9,0.3,158048,634,158048,(X),4413,732,2.8,0.5,402,153,0.3,0.1,1617,491,1.0,0.3,102,74,0.1,0.1,2292,632,1.5,0.4,153635,918,97.2,0.5,120720,1439,76.4,0.8,6972,906,4.4,0.6,127,77,0.1,0.1,23156,977,14.7,0.6,170,125,0.1,0.1,370,202,0.2,0.1,2120,472,1.3,0.3,101,87,0.1,0.1,2019,461,1.3,0.3,70599,914,(X),(X)
26,610U200US25046,25046,Bristol & Norfolk,160646,815,160646,(X),79252,993,49.3,0.6,81394,994,50.7,0.6,9057,582,5.6,0.4,11956,683,7.4,0.4,13200,650,8.2,0.4,11746,646,7.3,0.4,8612,757,5.4,0.5,14059,879,8.8,0.5,25698,848,16.0,0.5,28564,814,17.8,0.5,10432,644,6.5,0.4,8164,581,5.1,0.4,9814,577,6.1,0.4,6877,522,4.3,0.3,2467,359,1.5,0.2,40.0,0.5,(X),(X),118463,898,73.7,0.5,112740,994,70.2,0.6,23581,740,14.7,0.5,19158,579,11.9,0.4,118463,898,118463,(X),57263,821,48.3,0.6,61200,872,51.7,0.6,19158,579,19158,(X),7836,388,40.9,1.7,11322,494,59.1,1.7,160646,815,160646,(X),158219,892,98.5,0.3,2427,519,1.5,0.3,158219,892,98.5,0.3,147046,1391,91.5,0.8,4032,819,2.5,0.5,59,46,0.0,0.1,0,127,0.0,0.1,0,127,0.0,0.1,0,127,0,0.1,0,127,0,0.1,5574,729,3.5,0.5,1518,450,0.9,0.3,1544,367,1.0,0.2,167,102,0.1,0.1,91,53,0.1,0.1,238,111,0.1,0.1,464,267,0.3,0.2,1552,514,1.0,0.3,216,247,0.1,0.2,0,127,0.0,0.1,216,247,0.1,0.2,0,127,0,0.1,0,127,0.0,0.1,1292,392,0.8,0.2,2427,519,1.5,0.3,481,237,0.3,0.1,345,168,0.2,0.1,834,242,0.5,0.2,125,98,0.1,0.1,160646,815,160646,(X),149159,1332,92.8,0.7,4852,835,3.0,0.5,620,226,0.4,0.1,6599,771,4.1,0.5,234,249,0.1,0.2,1741,476,1.1,0.3,160646,815,160646,(X),4592,705,2.9,0.4,505,268,0.3,0.2,1371,368,0.9,0.2,267,164,0.2,0.1,2449,566,1.5,0.4,156054,1029,97.1,0.4,144088,1420,89.7,0.8,3946,829,2.5,0.5,51,43,0.0,0.1,5542,732,3.4,0.5,0,127,0.0,0.1,217,142,0.1,0.1,2210,492,1.4,0.3,258,211,0.2,0.1,1952,430,1.2,0.3,59828,744,(X),(X)
27,610U200US25047,25047,Plymouth & Barnstable,171850,689,171850,(X),83700,954,48.7,0.5,88150,970,51.3,0.5,9278,541,5.4,0.3,10615,624,6.2,0.4,11372,612,6.6,0.4,11016,681,6.4,0.4,9038,632,5.3,0.4,14618,862,8.5,0.5,24365,734,14.2,0.4,29814,887,17.3,0.5,12714,653,7.4,0.4,11151,631,6.5,0.4,14407,695,8.4,0.4,9893,614,5.8,0.4,3569,302,2.1,0.2,43.3,0.5,(X),(X),133519,822,77.7,0.4,127796,859,74.4,0.5,34236,848,19.9,0.5,27869,777,16.2,0.5,133519,822,133519,(X),64123,879,48.0,0.5,69396,669,52.0,0.5,27869,777,27869,(X),12352,491,44.3,1.1,15517,485,55.7,1.1,171850,689,171850,(X),169459,805,98.6,0.3,2391,506,1.4,0.3,169459,805,98.6,0.3,163550,1224,95.2,0.6,2499,518,1.5,0.3,226,96,0.1,0.1,23,32,0.0,0.1,0,127,0.0,0.1,0,127,0,0.1,0,127,0,0.1,1837,427,1.1,0.2,292,245,0.2,0.1,478,222,0.3,0.1,129,84,0.1,0.1,45,42,0.0,0.1,264,169,0.2,0.1,368,246,0.2,0.1,261,145,0.2,0.1,52,52,0.0,0.1,16,28,0.0,0.1,36,45,0.0,0.1,0,127,0,0.1,0,127,0.0,0.1,1295,405,0.8,0.2,2391,506,1.4,0.3,628,280,0.4,0.2,633,264,0.4,0.2,509,181,0.3,0.1,97,73,0.1,0.1,171850,689,171850,(X),165689,1091,96.4,0.5,3458,631,2.0,0.4,1088,316,0.6,0.2,2417,499,1.4,0.3,52,52,0.0,0.1,1671,459,1.0,0.3,171850,689,171850,(X),2788,465,1.6,0.3,616,245,0.4,0.1,664,294,0.4,0.2,182,111,0.1,0.1,1326,332,0.8,0.2,169062,739,98.4,0.3,161720,1178,94.1,0.6,2389,511,1.4,0.3,204,92,0.1,0.1,1837,427,1.1,0.2,39,47,0.0,0.1,748,346,0.4,0.2,2125,429,1.2,0.2,304,182,0.2,0.1,1821,394,1.1,0.2,84559,838,(X),(X)
28,610U200US25048,25048,First Plymouth & Bristol,169133,77,169133,(X),83303,1219,49.3,0.7,85830,1214,50.7,0.7,9240,691,5.5,0.4,10723,602,6.3,0.4,11819,608,7.0,0.4,12975,1273,7.7,0.8,10071,563,6.0,0.3,19204,913,11.4,0.5,26107,887,15.4,0.5,26082,950,15.4,0.6,10889,565,6.4,0.3,9651,660,5.7,0.4,11787,559,7.0,0.3,7633,512,4.5,0.3,2952,406,1.7,0.2,39.3,0.6,(X),(X),130009,1000,76.9,0.6,121860,1379,72.0,0.8,27548,884,16.3,0.5,22372,734,13.2,0.4,130009,1000,130009,(X),63276,983,48.7,0.7,66733,1063,51.3,0.7,22372,734,22372,(X),10015,410,44.8,1.6,12357,608,55.2,1.6,169133,77,169133,(X),166259,497,98.3,0.3,2874,483,1.7,0.3,166259,497,98.3,0.3,154830,1381,91.5,0.8,5834,880,3.4,0.5,417,208,0.2,0.1,0,127,0.0,0.1,0,127,0.0,0.1,0,127,0,0.1,14,25,0,0.1,1967,561,1.2,0.3,211,116,0.1,0.1,577,281,0.3,0.2,110,96,0.1,0.1,30,36,0.0,0.1,271,176,0.2,0.1,270,299,0.2,0.2,498,415,0.3,0.2,15,18,0.0,0.1,0,127,0.0,0.1,15,18,0.0,0.1,0,127,0,0.1,0,127,0.0,0.1,3196,740,1.9,0.4,2874,483,1.7,0.3,726,259,0.4,0.2,793,283,0.5,0.2,250,121,0.1,0.1,109,95,0.1,0.1,169133,77,169133,(X),157315,1312,93.0,0.8,7079,920,4.2,0.5,1382,363,0.8,0.2,2225,600,1.3,0.4,23,22,0.0,0.1,4121,840,2.4,0.5,169133,77,169133,(X),5779,747,3.4,0.4,379,250,0.2,0.1,3336,650,2.0,0.4,126,76,0.1,0.1,1938,408,1.1,0.2,163354,758,96.6,0.4,151096,1286,89.3,0.8,5350,906,3.2,0.5,282,162,0.2,0.1,1967,561,1.2,0.3,0,127,0.0,0.1,2063,656,1.2,0.4,2596,413,1.5,0.2,662,236,0.4,0.1,1934,345,1.1,0.2,68108,1047,(X),(X)
29,610U200US25049,25049,Second Plymouth & Bristol,157794,846,157794,(X),75864,767,48.1,0.5,81930,953,51.9,0.5,10418,491,6.6,0.3,11019,616,7.0,0.4,11372,654,7.2,0.4,13347,805,8.5,0.5,11006,561,7.0,0.3,19036,761,12.1,0.5,22239,660,14.1,0.4,24835,799,15.7,0.5,9032,553,5.7,0.4,7976,445,5.1,0.3,9370,428,5.9,0.3,5976,462,3.8,0.3,2168,311,1.4,0.2,36.3,0.5,(X),(X),117243,972,74.3,0.5,109157,1008,69.2,0.6,21872,726,13.9,0.5,17514,620,11.1,0.4,117243,972,117243,(X),55347,707,47.2,0.4,61896,707,52.8,0.4,17514,620,17514,(X),7414,375,42.3,1.6,10100,457,57.7,1.6,157794,846,157794,(X),153028,1048,97.0,0.4,4766,639,3.0,0.4,153028,1048,97.0,0.4,108566,1447,68.8,0.8,34004,997,21.5,0.7,372,218,0.2,0.1,59,59,0.0,0.1,0,127,0.0,0.1,15,26,0,0.1,0,127,0,0.1,2674,676,1.7,0.4,246,179,0.2,0.1,552,240,0.3,0.2,653,355,0.4,0.2,60,50,0.0,0.1,65,72,0.0,0.1,778,418,0.5,0.3,320,221,0.2,0.1,0,127,0.0,0.1,0,127,0.0,0.1,0,127,0.0,0.1,0,127,0,0.1,0,127,0.0,0.1,7412,1093,4.7,0.7,4766,639,3.0,0.4,1953,491,1.2,0.3,660,186,0.4,0.1,358,173,0.2,0.1,225,128,0.1,0.1,157794,846,157794,(X),111986,1393,71.0,0.7,37391,1009,23.7,0.7,1471,315,0.9,0.2,3370,688,2.1,0.4,198,161,0.1,0.1,8476,1104,5.4,0.7,157794,846,157794,(X),10615,574,6.7,0.4,632,258,0.4,0.2,6302,641,4.0,0.4,340,195,0.2,0.1,3341,514,2.1,0.3,147179,931,93.3,0.4,103700,1299,65.7,0.7,32815,967,20.8,0.6,254,186,0.2,0.1,2608,668,1.7,0.4,0,127,0.0,0.1,3513,766,2.2,0.5,4289,611,2.7,0.4,815,330,0.5,0.2,3474,564,2.2,0.4,59232,880,(X),(X)
30,610U200US25050,25050,Plymouth & Norfolk,161238,48,161238,(X),77214,909,47.9,0.6,84024,911,52.1,0.6,9696,618,6.0,0.4,11718,611,7.3,0.4,11797,620,7.3,0.4,9413,585,5.8,0.4,6419,499,4.0,0.3,13745,954,8.5,0.6,23912,709,14.8,0.4,27644,961,17.1,0.6,11867,657,7.4,0.4,10116,690,6.3,0.4,12577,511,7.8,0.3,9111,554,5.7,0.3,3223,342,2.0,0.2,42.8,0.4,(X),(X),121423,742,75.3,0.5,117360,776,72.8,0.5,30653,858,19.0,0.5,24911,564,15.4,0.3,121423,742,121423,(X),56519,768,46.5,0.6,64904,781,53.5,0.6,24911,564,24911,(X),10259,389,41.2,1.4,14652,498,58.8,1.4,161238,48,161238,(X),159850,299,99.1,0.2,1388,298,0.9,0.2,159850,299,99.1,0.2,153542,883,95.2,0.5,2487,584,1.5,0.4,268,163,0.2,0.1,19,32,0.0,0.1,0,127,0.0,0.1,0,127,0,0.1,0,127,0,0.1,2624,505,1.6,0.3,627,288,0.4,0.2,973,362,0.6,0.2,205,136,0.1,0.1,58,70,0.0,0.1,137,90,0.1,0.1,401,246,0.2,0.2,223,133,0.1,0.1,0,127,0.0,0.1,0,127,0.0,0.1,0,127,0.0,0.1,0,127,0,0.1,0,127,0.0,0.1,929,378,0.6,0.2,1388,298,0.9,0.2,375,156,0.2,0.1,293,111,0.2,0.1,467,203,0.3,0.1,0,127,0.0,0.1,161238,48,161238,(X),154827,889,96.0,0.5,2957,620,1.8,0.4,597,159,0.4,0.1,3144,569,1.9,0.4,25,38,0.0,0.1,1112,411,0.7,0.3,161238,48,161238,(X),2404,553,1.5,0.3,212,110,0.1,0.1,834,365,0.5,0.2,68,66,0.0,0.1,1290,392,0.8,0.2,158834,552,98.5,0.3,152055,958,94.3,0.6,2230,517,1.4,0.3,268,163,0.2,0.1,2614,507,1.6,0.3,0,127,0.0,0.1,413,282,0.3,0.2,1254,281,0.8,0.2,111,59,0.1,0.1,1143,289,0.7,0.2,68572,861,(X),(X)
31,610U200US25051,25051,First Suffolk,159515,2617,159515,(X),74625,1578,46.8,0.6,84890,1765,53.2,0.6,9431,642,5.9,0.4,8861,630,5.6,0.4,10073,610,6.3,0.4,12027,857,7.5,0.5,14352,1011,9.0,0.6,30004,1177,18.8,0.7,22751,953,14.3,0.5,20838,795,13.1,0.5,8341,612,5.2,0.4,6978,515,4.4,0.3,8663,515,5.4,0.3,5030,390,3.2,0.2,2166,302,1.4,0.2,33.0,0.6,(X),(X),123631,2011,77.5,0.7,116898,1892,73.3,0.8,19780,862,12.4,0.5,15859,660,9.9,0.4,123631,2011,123631,(X),56470,1405,45.7,0.8,67161,1412,54.3,0.8,15859,660,15859,(X),6072,436,38.3,2.1,9787,496,61.7,2.1,159515,2617,159515,(X),156167,2703,97.9,0.4,3348,643,2.1,0.4,156167,2703,97.9,0.4,57570,1813,36.1,1.0,69445,2241,43.5,1.1,463,225,0.3,0.1,90,122,0.1,0.1,0,127,0.0,0.1,0,127,0,0.1,0,127,0,0.1,11956,1095,7.5,0.7,1059,397,0.7,0.2,2043,400,1.3,0.3,331,270,0.2,0.2,180,124,0.1,0.1,258,117,0.2,0.1,7617,953,4.8,0.6,468,213,0.3,0.1,150,160,0.1,0.1,0,127,0.0,0.1,0,127,0.0,0.1,0,127,0,0.1,150,160,0.1,0.1,16583,1601,10.4,1.0,3348,643,2.1,0.4,1084,393,0.7,0.2,221,91,0.1,0.1,143,88,0.1,0.1,426,228,0.3,0.1,159515,2617,159515,(X),59543,1845,37.3,1.0,72232,2159,45.3,1.1,1444,455,0.9,0.3,12399,1104,7.8,0.7,160,160,0.1,0.1,17523,1652,11.0,1.0,159515,2617,159515,(X),21208,1602,13.3,1.0,586,197,0.4,0.1,8916,1264,5.6,0.8,244,130,0.2,0.1,11462,1096,7.2,0.7,138307,2570,86.7,1.0,52459,1535,32.9,0.8,65691,2164,41.2,1.1,337,172,0.2,0.1,11940,1094,7.5,0.7,118,108,0.1,0.1,5055,1073,3.2,0.7,2707,598,1.7,0.4,515,221,0.3,0.1,2192,588,1.4,0.4,68975,643,(X),(X)
32,610U200US25052,25052,Second Suffolk,178259,3931,178259,(X),87073,2675,48.8,0.8,91186,2107,51.2,0.8,8554,720,4.8,0.4,7503,616,4.2,0.3,8433,673,4.7,0.3,17674,2301,9.9,1.2,25497,1335,14.3,0.7,34613,1399,19.4,0.7,22609,931,12.7,0.5,19300,765,10.8,0.4,9146,583,5.1,0.3,7800,659,4.4,0.4,9501,494,5.3,0.3,5631,528,3.2,0.3,1998,327,1.1,0.2,30.5,0.5,(X),(X),148267,3260,83.2,0.6,130454,2557,73.2,1.2,21237,875,11.9,0.6,17130,698,9.6,0.5,148267,3260,148267,(X),71845,2184,48.5,0.8,76422,1886,51.5,0.8,17130,698,17130,(X),7126,392,41.6,1.7,10004,520,58.4,1.7,178259,3931,178259,(X),173153,3757,97.1,0.4,5106,724,2.9,0.4,173153,3757,97.1,0.4,84746,2985,47.5,1.2,50896,1875,28.6,0.9,805,189,0.5,0.1,35,40,0.0,0.1,0,127,0.0,0.1,10,15,0,0.1,18,29,0,0.1,18787,1287,10.5,0.7,2923,570,1.6,0.3,11416,1004,6.4,0.6,337,136,0.2,0.1,724,351,0.4,0.2,1006,267,0.6,0.1,1051,355,0.6,0.2,1330,411,0.7,0.2,28,33,0.0,0.1,0,127,0.0,0.1,0,127,0.0,0.1,13,22,0,0.1,15,24,0.0,0.1,17891,1588,10.0,0.9,5106,724,2.9,0.4,1315,436,0.7,0.2,260,82,0.1,0.1,922,253,0.5,0.1,473,187,0.3,0.1,178259,3931,178259,(X),88407,3273,49.6,1.3,53767,1961,30.2,0.9,1948,338,1.1,0.2,19977,1267,11.2,0.7,177,119,0.1,0.1,19547,1585,11.0,0.9,178259,3931,178259,(X),31892,1673,17.9,0.9,1418,385,0.8,0.2,11549,1227,6.5,0.7,687,261,0.4,0.1,18238,1445,10.2,0.8,146367,3577,82.1,0.9,74445,2821,41.8,1.1,47082,1695,26.4,0.8,512,141,0.3,0.1,18622,1265,10.4,0.7,28,33,0.0,0.1,2193,528,1.2,0.3,3485,524,2.0,0.3,630,251,0.4,0.1,2855,462,1.6,0.3,82912,861,(X),(X)
33,610U200US25053,25053,First Suffolk & Middlesex,166813,2271,166813,(X),84000,1837,50.4,0.7,82813,1492,49.6,0.7,9829,669,5.9,0.4,7180,595,4.3,0.3,6784,588,4.1,0.3,8600,781,5.2,0.5,16293,1207,9.8,0.7,38840,1365,23.3,0.8,23913,1092,14.3,0.6,20623,954,12.4,0.5,7905,645,4.7,0.4,7733,580,4.6,0.3,9600,562,5.8,0.3,6231,459,3.7,0.3,3282,395,2.0,0.2,33.4,0.6,(X),(X),138665,1965,83.1,0.6,131812,1963,79.0,0.7,23613,997,14.2,0.6,19113,810,11.5,0.5,138665,1965,138665,(X),69495,1648,50.1,0.8,69170,1339,49.9,0.8,19113,810,19113,(X),8277,477,43.3,1.6,10836,542,56.7,1.6,166813,2271,166813,(X),155164,2438,93.0,0.8,11649,1266,7.0,0.8,155164,2438,93.0,0.8,119983,2679,71.9,1.3,10723,906,6.4,0.5,604,285,0.4,0.2,26,41,0.0,0.1,22,36,0.0,0.1,0,127,0,0.1,0,127,0,0.1,13342,1224,8.0,0.7,3009,586,1.8,0.4,4548,669,2.7,0.4,307,148,0.2,0.1,467,207,0.3,0.1,957,280,0.6,0.2,1773,492,1.1,0.3,2281,589,1.4,0.4,55,61,0.0,0.1,0,127,0.0,0.1,0,127,0.0,0.1,23,30,0,0.1,32,51,0.0,0.1,10457,1364,6.3,0.8,11649,1266,7.0,0.8,8954,1216,5.4,0.7,329,157,0.2,0.1,747,203,0.4,0.1,253,156,0.2,0.1,166813,2271,166813,(X),131067,2756,78.6,1.2,20373,1444,12.2,0.8,1303,388,0.8,0.2,14349,1217,8.6,0.7,206,132,0.1,0.1,11409,1345,6.8,0.8,166813,2271,166813,(X),37702,2041,22.6,1.1,4700,985,2.8,0.6,4493,744,2.7,0.4,360,162,0.2,0.1,28149,2178,16.9,1.3,129111,2375,77.4,1.1,101846,2158,61.1,1.1,9618,877,5.8,0.5,190,95,0.1,0.1,13198,1200,7.9,0.7,55,61,0.0,0.1,717,293,0.4,0.2,3487,640,2.1,0.4,230,138,0.1,0.1,3257,606,2.0,0.4,76715,867,(X),(X)
34,610U200US25054,25054,Suffolk & Norfolk,152747,1963,152747,(X),72365,1565,47.4,0.7,80382,1344,52.6,0.7,9909,614,6.5,0.4,8388,488,5.5,0.3,9415,597,6.2,0.4,9039,547,5.9,0.3,9487,843,6.2,0.5,19757,1167,12.9,0.7,21715,879,14.2,0.6,24283,1005,15.9,0.7,9564,547,6.3,0.3,6948,482,4.5,0.3,10802,617,7.1,0.4,8937,510,5.9,0.3,4503,461,2.9,0.3,40.5,0.6,(X),(X),118937,1691,77.9,0.5,114407,1604,74.9,0.6,27947,897,18.3,0.6,24242,761,15.9,0.5,118937,1691,118937,(X),54981,1368,46.2,0.7,63956,981,53.8,0.7,24242,761,24242,(X),9495,493,39.2,1.5,14747,559,60.8,1.5,152747,1963,152747,(X),148504,1949,97.2,0.5,4243,773,2.8,0.5,148504,1949,97.2,0.5,109235,1955,71.5,1.2,23746,1677,15.5,1.0,530,324,0.3,0.2,0,127,0.0,0.1,0,127,0.0,0.1,0,127,0,0.1,0,127,0,0.1,5946,738,3.9,0.5,1349,419,0.9,0.3,2368,575,1.6,0.4,720,266,0.5,0.2,118,74,0.1,0.1,267,121,0.2,0.1,571,324,0.4,0.2,553,297,0.4,0.2,15,20,0.0,0.1,0,127,0.0,0.1,6,9,0.0,0.1,9,17,0,0.1,0,127,0.0,0.1,9032,1393,5.9,0.9,4243,773,2.8,0.5,1228,409,0.8,0.3,700,273,0.5,0.2,637,223,0.4,0.1,209,198,0.1,0.1,152747,1963,152747,(X),112623,1976,73.7,1.2,25910,1722,17.0,1.0,1626,489,1.1,0.3,6901,873,4.5,0.6,133,126,0.1,0.1,10084,1486,6.6,1.0,152747,1963,152747,(X),18163,1465,11.9,1.0,654,220,0.4,0.1,5779,1036,3.8,0.7,481,197,0.3,0.1,11249,1228,7.4,0.8,134584,2278,88.1,1.0,102694,1952,67.2,1.2,21805,1554,14.3,0.9,230,265,0.2,0.2,5854,729,3.8,0.5,0,127,0.0,0.1,1185,468,0.8,0.3,2816,576,1.8,0.4,109,78,0.1,0.1,2707,572,1.8,0.4,62493,727,(X),(X)
35,610U200US25055,25055,First Worcester,161396,1840,161396,(X),79229,1264,49.1,0.5,82167,1265,50.9,0.5,9048,607,5.6,0.4,9308,615,5.8,0.4,10533,752,6.5,0.5,13474,1393,8.3,0.8,11768,839,7.3,0.5,19642,1070,12.2,0.6,22496,933,13.9,0.6,24899,860,15.4,0.5,10231,620,6.3,0.4,7723,604,4.8,0.4,10296,510,6.4,0.3,7700,482,4.8,0.3,4278,398,2.7,0.2,38.3,0.6,(X),(X),125533,1747,77.8,0.6,116233,1426,72.0,0.8,26563,776,16.5,0.5,22274,762,13.8,0.5,125533,1747,125533,(X),60690,1145,48.3,0.6,64843,1110,51.7,0.6,22274,762,22274,(X),8801,398,39.5,1.3,13473,569,60.5,1.3,161396,1840,161396,(X),158272,1871,98.1,0.4,3124,662,1.9,0.4,158272,1871,98.1,0.4,134702,2174,83.5,1.1,12687,1371,7.9,0.8,267,130,0.2,0.1,13,20,0.0,0.1,0,127,0.0,0.1,0,127,0,0.1,0,127,0,0.1,6668,775,4.1,0.5,1108,325,0.7,0.2,1969,544,1.2,0.3,239,130,0.1,0.1,220,173,0.1,0.1,431,216,0.3,0.1,1639,449,1.0,0.3,1062,352,0.7,0.2,93,83,0.1,0.1,21,35,0.0,0.1,10,16,0.0,0.1,46,69,0,0.1,16,26,0.0,0.1,3855,722,2.4,0.4,3124,662,1.9,0.4,1371,420,0.8,0.3,232,122,0.1,0.1,649,400,0.4,0.2,78,70,0.0,0.1,161396,1840,161396,(X),137575,2262,85.2,1.1,14265,1375,8.8,0.8,588,197,0.4,0.1,7404,877,4.6,0.5,119,84,0.1,0.1,4607,796,2.9,0.5,161396,1840,161396,(X),20991,1190,13.0,0.7,813,293,0.5,0.2,13088,1175,8.1,0.7,221,128,0.1,0.1,6869,993,4.3,0.6,140405,1715,87.0,0.7,119586,1905,74.1,1.1,11574,1288,7.2,0.8,140,59,0.1,0.1,6645,779,4.1,0.5,47,45,0.0,0.1,463,230,0.3,0.1,1950,522,1.2,0.3,292,164,0.2,0.1,1658,505,1.0,0.3,69090,847,(X),(X)
36,610U200US25056,25056,Second Worcester,175232,1691,175232,(X),84323,1220,48.1,0.5,90909,1276,51.9,0.5,11084,656,6.3,0.4,11046,597,6.3,0.3,12085,764,6.9,0.4,14069,963,8.0,0.5,13166,848,7.5,0.5,23038,1236,13.1,0.7,26620,970,15.2,0.5,25329,894,14.5,0.5,10015,577,5.7,0.3,7824,625,4.5,0.4,10014,505,5.7,0.3,7563,490,4.3,0.3,3379,340,1.9,0.2,36.2,0.5,(X),(X),133302,1476,76.1,0.5,123814,1369,70.7,0.6,25515,839,14.6,0.5,20956,702,12.0,0.4,133302,1476,133302,(X),63173,1100,47.4,0.5,70129,967,52.6,0.5,20956,702,20956,(X),8753,433,41.8,1.4,12203,495,58.2,1.4,175232,1691,175232,(X),171817,1735,98.1,0.4,3415,654,1.9,0.4,171817,1735,98.1,0.4,146054,1776,83.3,0.9,8429,1174,4.8,0.7,330,169,0.2,0.1,0,127,0.0,0.1,0,127,0.0,0.1,0,127,0,0.1,0,127,0,0.1,12296,1018,7.0,0.6,4337,595,2.5,0.3,2635,554,1.5,0.3,434,205,0.2,0.1,80,70,0.0,0.1,276,131,0.2,0.1,3281,697,1.9,0.4,1253,450,0.7,0.3,155,75,0.1,0.1,0,127,0.0,0.1,40,56,0.0,0.1,0,127,0,0.1,115,79,0.1,0.1,4553,815,2.6,0.5,3415,654,1.9,0.4,1252,501,0.7,0.3,373,163,0.2,0.1,466,223,0.3,0.1,159,122,0.1,0.1,175232,1691,175232,(X),148965,1822,85.0,0.9,10035,1240,5.7,0.7,917,275,0.5,0.2,12952,1028,7.4,0.6,385,148,0.2,0.1,5453,859,3.1,0.5,175232,1691,175232,(X),18764,1305,10.7,0.7,1231,394,0.7,0.2,10906,1270,6.2,0.7,136,126,0.1,0.1,6491,848,3.7,0.5,156468,1630,89.3,0.7,133098,1750,76.0,1.0,7691,1095,4.4,0.6,159,101,0.1,0.1,12296,1018,7.0,0.6,155,75,0.1,0.1,692,284,0.4,0.2,2377,579,1.4,0.3,196,134,0.1,0.1,2181,550,1.2,0.3,70770,734,(X),(X)
37,610U200US25057,25057,"Worcester, Hampden, Hampshire & Franklin",162413,211,162413,(X),80189,929,49.4,0.6,82224,931,50.6,0.6,9057,607,5.6,0.4,10345,503,6.4,0.3,11243,583,6.9,0.4,11536,682,7.1,0.4,7979,540,4.9,0.3,16602,811,10.2,0.5,24386,806,15.0,0.5,28266,837,17.4,0.5,11838,591,7.3,0.4,9384,582,5.8,0.4,11313,584,7.0,0.4,7538,541,4.6,0.3,2926,364,1.8,0.2,41.3,0.6,(X),(X),123674,893,76.1,0.5,118220,844,72.8,0.5,27062,962,16.7,0.6,21777,777,13.4,0.5,123674,893,123674,(X),60301,849,48.8,0.5,63373,749,51.2,0.5,21777,777,21777,(X),9332,498,42.9,1.5,12445,520,57.1,1.5,162413,211,162413,(X),159987,441,98.5,0.3,2426,408,1.5,0.3,159987,441,98.5,0.3,156359,876,96.3,0.5,978,245,0.6,0.2,241,113,0.1,0.1,6,13,0.0,0.1,38,35,0.0,0.1,0,127,0,0.1,16,21,0,0.1,1176,402,0.7,0.2,145,99,0.1,0.1,633,314,0.4,0.2,143,86,0.1,0.1,71,75,0.0,0.1,5,7,0.0,0.1,17,25,0.0,0.1,162,97,0.1,0.1,0,127,0.0,0.1,0,127,0.0,0.1,0,127,0.0,0.1,0,127,0,0.1,0,127,0.0,0.1,1233,492,0.8,0.3,2426,408,1.5,0.3,825,291,0.5,0.2,619,219,0.4,0.1,442,177,0.3,0.1,108,90,0.1,0.1,162413,211,162413,(X),158665,733,97.7,0.4,2080,440,1.3,0.3,1094,273,0.7,0.2,1634,465,1.0,0.3,4,7,0.0,0.1,1535,523,0.9,0.3,162413,211,162413,(X),4870,767,3.0,0.5,604,236,0.4,0.1,2821,587,1.7,0.4,191,119,0.1,0.1,1254,369,0.8,0.2,157543,789,97.0,0.5,153175,995,94.3,0.6,906,229,0.6,0.1,241,113,0.1,0.1,1176,402,0.7,0.2,0,127,0.0,0.1,162,119,0.1,0.1,1883,370,1.2,0.2,24,31,0.0,0.1,1859,375,1.1,0.2,69175,801,(X),(X)
38,610U200US25058,25058,Worcester & Middlesex,157903,521,157903,(X),78889,807,50.0,0.5,79014,895,50.0,0.5,10011,672,6.3,0.4,9909,544,6.3,0.3,10494,652,6.6,0.4,11364,865,7.2,0.5,10502,810,6.7,0.5,18718,947,11.9,0.6,22668,903,14.4,0.6,26196,783,16.6,0.5,10275,662,6.5,0.4,7704,590,4.9,0.4,9801,501,6.2,0.3,7186,491,4.6,0.3,3075,366,1.9,0.2,38.8,0.6,(X),(X),120878,956,76.6,0.5,113186,1205,71.7,0.7,24124,928,15.3,0.6,20062,770,12.7,0.5,120878,956,120878,(X),59422,829,49.2,0.5,61456,802,50.8,0.5,20062,770,20062,(X),8372,439,41.7,1.4,11690,525,58.3,1.4,157903,521,157903,(X),154608,791,97.9,0.4,3295,598,2.1,0.4,154608,791,97.9,0.4,139444,1572,88.3,0.9,5278,763,3.3,0.5,291,102,0.2,0.1,0,127,0.0,0.1,0,127,0.0,0.1,33,54,0,0.1,0,127,0,0.1,3664,640,2.3,0.4,355,220,0.2,0.1,687,229,0.4,0.1,297,222,0.2,0.1,72,63,0.0,0.1,507,292,0.3,0.2,474,224,0.3,0.1,1272,471,0.8,0.3,32,43,0.0,0.1,12,24,0.0,0.1,20,34,0.0,0.1,0,127,0,0.1,0,127,0.0,0.1,5899,1145,3.7,0.7,3295,598,2.1,0.4,1212,385,0.8,0.2,357,124,0.2,0.1,629,274,0.4,0.2,74,67,0.0,0.1,157903,521,157903,(X),142384,1595,90.2,0.9,6738,827,4.3,0.5,943,220,0.6,0.1,4488,702,2.8,0.4,46,50,0.0,0.1,6760,1179,4.3,0.7,157903,521,157903,(X),16007,1357,10.1,0.9,463,214,0.3,0.1,9035,1141,5.7,0.7,150,99,0.1,0.1,6359,889,4.0,0.6,141896,1511,89.9,0.9,130327,1729,82.5,1.0,5106,741,3.2,0.5,190,79,0.1,0.1,3624,630,2.3,0.4,32,43,0.0,0.1,700,492,0.4,0.3,1917,395,1.2,0.3,115,83,0.1,0.1,1802,392,1.1,0.2,64281,869,(X),(X)
39,610U200US25059,25059,Worcester & Norfolk,171583,49,171583,(X),84549,981,49.3,0.6,87034,987,50.7,0.6,10997,697,6.4,0.4,11824,675,6.9,0.4,12518,652,7.3,0.4,11124,763,6.5,0.4,9120,615,5.3,0.4,19759,856,11.5,0.5,27827,851,16.2,0.5,28631,719,16.7,0.4,11179,638,6.5,0.4,8809,610,5.1,0.4,9784,557,5.7,0.3,6584,456,3.8,0.3,3427,382,2.0,0.2,39.0,0.4,(X),(X),128804,894,75.1,0.5,123301,1091,71.9,0.6,25097,819,14.6,0.5,19795,691,11.5,0.4,128804,894,128804,(X),62773,877,48.7,0.6,66031,817,51.3,0.6,19795,691,19795,(X),8271,399,41.8,1.5,11524,524,58.2,1.5,171583,49,171583,(X),167766,567,97.8,0.3,3817,571,2.2,0.3,167766,567,97.8,0.3,160605,1075,93.6,0.6,2072,404,1.2,0.2,312,162,0.2,0.1,6,11,0.0,0.1,29,33,0.0,0.1,59,60,0,0.1,0,127,0,0.1,2468,563,1.4,0.3,885,396,0.5,0.2,291,134,0.2,0.1,190,138,0.1,0.1,91,65,0.1,0.1,84,85,0.0,0.1,326,238,0.2,0.1,601,235,0.4,0.1,12,19,0.0,0.1,12,19,0.0,0.1,0,127,0.0,0.1,0,127,0,0.1,0,127,0.0,0.1,2297,621,1.3,0.4,3817,571,2.2,0.3,888,330,0.5,0.2,1649,378,1.0,0.2,530,258,0.3,0.2,16,26,0.0,0.1,171583,49,171583,(X),164204,876,95.7,0.5,3253,569,1.9,0.3,2066,388,1.2,0.2,3087,678,1.8,0.4,48,49,0.0,0.1,2856,649,1.7,0.4,171583,49,171583,(X),10287,1002,6.0,0.6,535,287,0.3,0.2,6653,779,3.9,0.5,77,70,0.0,0.1,3022,538,1.8,0.3,161296,1011,94.0,0.6,152885,1271,89.1,0.7,1887,390,1.1,0.2,250,141,0.1,0.1,2461,565,1.4,0.3,12,19,0.0,0.1,698,429,0.4,0.3,3103,477,1.8,0.3,184,104,0.1,0.1,2919,481,1.7,0.3,68901,799,(X),(X)
