,Id,Id2,Geography,Estimate; SEX AND AGE - Total population,Margin of Error; SEX AND AGE - Total population,Percent; SEX AND AGE - Total population,Percent Margin of Error; SEX AND AGE - Total population,Estimate; SEX AND AGE - Total population - Male,Margin of Error; SEX AND AGE - Total population - Male,Percent; SEX AND AGE - Total population - Male,Percent Margin of Error; SEX AND AGE - Total population - Male,Estimate; SEX AND AGE - Total population - Female,Margin of Error; SEX AND AGE - Total population - Female,Percent; SEX AND AGE - Total population - Female,Percent Margin of Error; SEX AND AGE - Total population - Female,Estimate; SEX AND AGE - Under 5 years,Margin of Error; SEX AND AGE - Under 5 years,Percent; SEX AND AGE - Under 5 years,Percent Margin of Error; SEX AND AGE - Under 5 years,Estimate; SEX AND AGE - 5 to 9 years,Margin of Error; SEX AND AGE - 5 to 9 years,Percent; SEX AND AGE - 5 to 9 years,Percent Margin of Error; SEX AND AGE - 5 to 9 years,Estimate; SEX AND AGE - 10 to 14 years,Margin of Error; SEX AND AGE - 10 to 14 years,Percent; SEX AND AGE - 10 to 14 years,Percent Margin of Error; SEX AND AGE - 10 to 14 years,Estimate; SEX AND AGE - 15 to 19 years,Margin of Error; SEX AND AGE - 15 to 19 years,Percent; SEX AND AGE - 15 to 19 years,Percent Margin of Error; SEX AND AGE - 15 to 19 years,Estimate; SEX AND AGE - 20 to 24 years,Margin of Error; SEX AND AGE - 20 to 24 years,Percent; SEX AND AGE - 20 to 24 years,Percent Margin of Error; SEX AND AGE - 20 to 24 years,Estimate; SEX AND AGE - 25 to 34 years,Margin of Error; SEX AND AGE - 25 to 34 years,Percent; SEX AND AGE - 25 to 34 years,Percent Margin of Error; SEX AND AGE - 25 to 34 years,Estimate; SEX AND AGE - 35 to 44 years,Margin of Error; SEX AND AGE - 35 to 44 years,Percent; SEX AND AGE - 35 to 44 years,Percent Margin of Error; SEX AND AGE - 35 to 44 years,Estimate; SEX AND AGE - 45 to 54 years,Margin of Error; SEX AND AGE - 45 to 54 years,Percent; SEX AND AGE - 45 to 54 years,Percent Margin of Error; SEX AND AGE - 45 to 54 years,Estimate; SEX AND AGE - 55 to 59 years,Margin of Error; SEX AND AGE - 55 to 59 years,Percent; SEX AND AGE - 55 to 59 years,Percent Margin of Error; SEX AND AGE - 55 to 59 years,Estimate; SEX AND AGE - 60 to 64 years,Margin of Error; SEX AND AGE - 60 to 64 years,Percent; SEX AND AGE - 60 to 64 years,Percent Margin of Error; SEX AND AGE - 60 to 64 years,Estimate; SEX AND AGE - 65 to 74 years,Margin of Error; SEX AND AGE - 65 to 74 years,Percent; SEX AND AGE - 65 to 74 years,Percent Margin of Error; SEX AND AGE - 65 to 74 years,Estimate; SEX AND AGE - 75 to 84 years,Margin of Error; SEX AND AGE - 75 to 84 years,Percent; SEX AND AGE - 75 to 84 years,Percent Margin of Error; SEX AND AGE - 75 to 84 years,Estimate; SEX AND AGE - 85 years and over,Margin of Error; SEX AND AGE - 85 years and over,Percent; SEX AND AGE - 85 years and over,Percent Margin of Error; SEX AND AGE - 85 years and over,Estimate; SEX AND AGE - Median age (years),Margin of Error; SEX AND AGE - Median age (years),Percent; SEX AND AGE - Median age (years),Percent Margin of Error; SEX AND AGE - Median age (years),Estimate; SEX AND AGE - 18 years and over,Margin of Error; SEX AND AGE - 18 years and over,Percent; SEX AND AGE - 18 years and over,Percent Margin of Error; SEX AND AGE - 18 years and over,Estimate; SEX AND AGE - 21 years and over,Margin of Error; SEX AND AGE - 21 years and over,Percent; SEX AND AGE - 21 years and over,Percent Margin of Error; SEX AND AGE - 21 years and over,Estimate; SEX AND AGE - 62 years and over,Margin of Error; SEX AND AGE - 62 years and over,Percent; SEX AND AGE - 62 years and over,Percent Margin of Error; SEX AND AGE - 62 years and over,Estimate; SEX AND AGE - 65 years and over,Margin of Error; SEX AND AGE - 65 years and over,Percent; SEX AND AGE - 65 years and over,Percent Margin of Error; SEX AND AGE - 65 years and over,Estimate; SEX AND AGE - 18 years and over.1,Margin of Error; SEX AND AGE - 18 years and over.1,Percent; SEX AND AGE - 18 years and over.1,Percent Margin of Error; SEX AND AGE - 18 years and over.1,Estimate; SEX AND AGE - 18 years and over - Male,Margin of Error; SEX AND AGE - 18 years and over - Male,Percent; SEX AND AGE - 18 years and over - Male,Percent Margin of Error; SEX AND AGE - 18 years and over - Male,Estimate; SEX AND AGE - 18 years and over - Female,Margin of Error; SEX AND AGE - 18 years and over - Female,Percent; SEX AND AGE - 18 years and over - Female,Percent Margin of Error; SEX AND AGE - 18 years and over - Female,Estimate; SEX AND AGE - 65 years and over.1,Margin of Error; SEX AND AGE - 65 years and over.1,Percent; SEX AND AGE - 65 years and over.1,Percent Margin of Error; SEX AND AGE - 65 years and over.1,Estimate; SEX AND AGE - 65 years and over - Male,Margin of Error; SEX AND AGE - 65 years and over - Male,Percent; SEX AND AGE - 65 years and over - Male,Percent Margin of Error; SEX AND AGE - 65 years and over - Male,Estimate; SEX AND AGE - 65 years and over - Female,Margin of Error; SEX AND AGE - 65 years and over - Female,Percent; SEX AND AGE - 65 years and over - Female,Percent Margin of Error; SEX AND AGE - 65 years and over - Female,Estimate; RACE - Total population,Margin of Error; RACE - Total population,Percent; RACE - Total population,Percent Margin of Error; RACE - Total population,Estimate; RACE - Total population - One race,Margin of Error; RACE - Total population - One race,Percent; RACE - Total population - One race,Percent Margin of Error; RACE - Total population - One race,Estimate; RACE - Total population - Two or more races,Margin of Error; RACE - Total population - Two or more races,Percent; RACE - Total population - Two or more races,Percent Margin of Error; RACE - Total population - Two or more races,Estimate; RACE - One race,Margin of Error; RACE - One race,Percent; RACE - One race,Percent Margin of Error; RACE - One race,Estimate; RACE - One race - White,Margin of Error; RACE - One race - White,Percent; RACE - One race - White,Percent Margin of Error; RACE - One race - White,Estimate; RACE - One race - Black or African American,Margin of Error; RACE - One race - Black or African American,Percent; RACE - One race - Black or African American,Percent Margin of Error; RACE - One race - Black or African American,Estimate; RACE - One race - American Indian and Alaska Native,Margin of Error; RACE - One race - American Indian and Alaska Native,Percent; RACE - One race - American Indian and Alaska Native,Percent Margin of Error; RACE - One race - American Indian and Alaska Native,Estimate; RACE - One race - American Indian and Alaska Native - Cherokee tribal grouping,Margin of Error; RACE - One race - American Indian and Alaska Native - Cherokee tribal grouping,Percent; RACE - One race - American Indian and Alaska Native - Cherokee tribal grouping,Percent Margin of Error; RACE - One race - American Indian and Alaska Native - Cherokee tribal grouping,Estimate; RACE - One race - American Indian and Alaska Native - Chippewa tribal grouping,Margin of Error; RACE - One race - American Indian and Alaska Native - Chippewa tribal grouping,Percent; RACE - One race - American Indian and Alaska Native - Chippewa tribal grouping,Percent Margin of Error; RACE - One race - American Indian and Alaska Native - Chippewa tribal grouping,Estimate; RACE - One race - American Indian and Alaska Native - Navajo tribal grouping,Margin of Error; RACE - One race - American Indian and Alaska Native - Navajo tribal grouping,Percent; RACE - One race - American Indian and Alaska Native - Navajo tribal grouping,Percent Margin of Error; RACE - One race - American Indian and Alaska Native - Navajo tribal grouping,Estimate; RACE - One race - American Indian and Alaska Native - Sioux tribal grouping,Margin of Error; RACE - One race - American Indian and Alaska Native - Sioux tribal grouping,Percent; RACE - One race - American Indian and Alaska Native - Sioux tribal grouping,Percent Margin of Error; RACE - One race - American Indian and Alaska Native - Sioux tribal grouping,Estimate; RACE - One race - Asian,Margin of Error; RACE - One race - Asian,Percent; RACE - One race - Asian,Percent Margin of Error; RACE - One race - Asian,Estimate; RACE - One race - Asian - Asian Indian,Margin of Error; RACE - One race - Asian - Asian Indian,Percent; RACE - One race - Asian - Asian Indian,Percent Margin of Error; RACE - One race - Asian - Asian Indian,Estimate; RACE - One race - Asian - Chinese,Margin of Error; RACE - One race - Asian - Chinese,Percent; RACE - One race - Asian - Chinese,Percent Margin of Error; RACE - One race - Asian - Chinese,Estimate; RACE - One race - Asian - Filipino,Margin of Error; RACE - One race - Asian - Filipino,Percent; RACE - One race - Asian - Filipino,Percent Margin of Error; RACE - One race - Asian - Filipino,Estimate; RACE - One race - Asian - Japanese,Margin of Error; RACE - One race - Asian - Japanese,Percent; RACE - One race - Asian - Japanese,Percent Margin of Error; RACE - One race - Asian - Japanese,Estimate; RACE - One race - Asian - Korean,Margin of Error; RACE - One race - Asian - Korean,Percent; RACE - One race - Asian - Korean,Percent Margin of Error; RACE - One race - Asian - Korean,Estimate; RACE - One race - Asian - Vietnamese,Margin of Error; RACE - One race - Asian - Vietnamese,Percent; RACE - One race - Asian - Vietnamese,Percent Margin of Error; RACE - One race - Asian - Vietnamese,Estimate; RACE - One race - Asian - Other Asian,Margin of Error; RACE - One race - Asian - Other Asian,Percent; RACE - One race - Asian - Other Asian,Percent Margin of Error; RACE - One race - Asian - Other Asian,Estimate; RACE - One race - Native Hawaiian and Other Pacific Islander,Margin of Error; RACE - One race - Native Hawaiian and Other Pacific Islander,Percent; RACE - One race - Native Hawaiian and Other Pacific Islander,Percent Margin of Error; RACE - One race - Native Hawaiian and Other Pacific Islander,Estimate; RACE - One race - Native Hawaiian and Other Pacific Islander - Native Hawaiian,Margin of Error; RACE - One race - Native Hawaiian and Other Pacific Islander - Native Hawaiian,Percent; RACE - One race - Native Hawaiian and Other Pacific Islander - Native Hawaiian,Percent Margin of Error; RACE - One race - Native Hawaiian and Other Pacific Islander - Native Hawaiian,Estimate; RACE - One race - Native Hawaiian and Other Pacific Islander - Guamanian or Chamorro,Margin of Error; RACE - One race - Native Hawaiian and Other Pacific Islander - Guamanian or Chamorro,Percent; RACE - One race - Native Hawaiian and Other Pacific Islander - Guamanian or Chamorro,Percent Margin of Error; RACE - One race - Native Hawaiian and Other Pacific Islander - Guamanian or Chamorro,Estimate; RACE - One race - Native Hawaiian and Other Pacific Islander - Samoan,Margin of Error; RACE - One race - Native Hawaiian and Other Pacific Islander - Samoan,Percent; RACE - One race - Native Hawaiian and Other Pacific Islander - Samoan,Percent Margin of Error; RACE - One race - Native Hawaiian and Other Pacific Islander - Samoan,Estimate; RACE - One race - Native Hawaiian and Other Pacific Islander - Other Pacific Islander,Margin of Error; RACE - One race - Native Hawaiian and Other Pacific Islander - Other Pacific Islander,Percent; RACE - One race - Native Hawaiian and Other Pacific Islander - Other Pacific Islander,Percent Margin of Error; RACE - One race - Native Hawaiian and Other Pacific Islander - Other Pacific Islander,Estimate; RACE - One race - Some other race,Margin of Error; RACE - One race - Some other race,Percent; RACE - One race - Some other race,Percent Margin of Error; RACE - One race - Some other race,Estimate; RACE - Two or more races,Margin of Error; RACE - Two or more races,Percent; RACE - Two or more races,Percent Margin of Error; RACE - Two or more races,Estimate; RACE - Two or more races - White and Black or African American,Margin of Error; RACE - Two or more races - White and Black or African American,Percent; RACE - Two or more races - White and Black or African American,Percent Margin of Error; RACE - Two or more races - White and Black or African American,Estimate; RACE - Two or more races - White and American Indian and Alaska Native,Margin of Error; RACE - Two or more races - White and American Indian and Alaska Native,Percent; RACE - Two or more races - White and American Indian and Alaska Native,Percent Margin of Error; RACE - Two or more races - White and American Indian and Alaska Native,Estimate; RACE - Two or more races - White and Asian,Margin of Error; RACE - Two or more races - White and Asian,Percent; RACE - Two or more races - White and Asian,Percent Margin of Error; RACE - Two or more races - White and Asian,Estimate; RACE - Two or more races - Black or African American and American Indian and Alaska Native,Margin of Error; RACE - Two or more races - Black or African American and American Indian and Alaska Native,Percent; RACE - Two or more races - Black or African American and American Indian and Alaska Native,Percent Margin of Error; RACE - Two or more races - Black or African American and American Indian and Alaska Native,Estimate; RACE - Race alone or in combination with one or more other races - Total population,Margin of Error; RACE - Race alone or in combination with one or more other races - Total population,Percent; RACE - Race alone or in combination with one or more other races - Total population,Percent Margin of Error; RACE - Race alone or in combination with one or more other races - Total population,Estimate; RACE - Race alone or in combination with one or more other races - Total population - White,Margin of Error; RACE - Race alone or in combination with one or more other races - Total population - White,Percent; RACE - Race alone or in combination with one or more other races - Total population - White,Percent Margin of Error; RACE - Race alone or in combination with one or more other races - Total population - White,Estimate; RACE - Race alone or in combination with one or more other races - Total population - Black or African American,Margin of Error; RACE - Race alone or in combination with one or more other races - Total population - Black or African American,Percent; RACE - Race alone or in combination with one or more other races - Total population - Black or African American,Percent Margin of Error; RACE - Race alone or in combination with one or more other races - Total population - Black or African American,Estimate; RACE - Race alone or in combination with one or more other races - Total population - American Indian and Alaska Native,Margin of Error; RACE - Race alone or in combination with one or more other races - Total population - American Indian and Alaska Native,Percent; RACE - Race alone or in combination with one or more other races - Total population - American Indian and Alaska Native,Percent Margin of Error; RACE - Race alone or in combination with one or more other races - Total population - American Indian and Alaska Native,Estimate; RACE - Race alone or in combination with one or more other races - Total population - Asian,Margin of Error; RACE - Race alone or in combination with one or more other races - Total population - Asian,Percent; RACE - Race alone or in combination with one or more other races - Total population - Asian,Percent Margin of Error; RACE - Race alone or in combination with one or more other races - Total population - Asian,Estimate; RACE - Race alone or in combination with one or more other races - Total population - Native Hawaiian and Other Pacific Islander,Margin of Error; RACE - Race alone or in combination with one or more other races - Total population - Native Hawaiian and Other Pacific Islander,Percent; RACE - Race alone or in combination with one or more other races - Total population - Native Hawaiian and Other Pacific Islander,Percent Margin of Error; RACE - Race alone or in combination with one or more other races - Total population - Native Hawaiian and Other Pacific Islander,Estimate; RACE - Race alone or in combination with one or more other races - Total population - Some other race,Margin of Error; RACE - Race alone or in combination with one or more other races - Total population - Some other race,Percent; RACE - Race alone or in combination with one or more other races - Total population - Some other race,Percent Margin of Error; RACE - Race alone or in combination with one or more other races - Total population - Some other race,Estimate; HISPANIC OR LATINO AND RACE - Total population,Margin of Error; HISPANIC OR LATINO AND RACE - Total population,Percent; HISPANIC OR LATINO AND RACE - Total population,Percent Margin of Error; HISPANIC OR LATINO AND RACE - Total population,Estimate; HISPANIC OR LATINO AND RACE - Total population - Hispanic or Latino (of any race),Margin of Error; HISPANIC OR LATINO AND RACE - Total population - Hispanic or Latino (of any race),Percent; HISPANIC OR LATINO AND RACE - Total population - Hispanic or Latino (of any race),Percent Margin of Error; HISPANIC OR LATINO AND RACE - Total population - Hispanic or Latino (of any race),Estimate; HISPANIC OR LATINO AND RACE - Total population - Hispanic or Latino (of any race) - Mexican,Margin of Error; HISPANIC OR LATINO AND RACE - Total population - Hispanic or Latino (of any race) - Mexican,Percent; HISPANIC OR LATINO AND RACE - Total population - Hispanic or Latino (of any race) - Mexican,Percent Margin of Error; HISPANIC OR LATINO AND RACE - Total population - Hispanic or Latino (of any race) - Mexican,Estimate; HISPANIC OR LATINO AND RACE - Total population - Hispanic or Latino (of any race) - Puerto Rican,Margin of Error; HISPANIC OR LATINO AND RACE - Total population - Hispanic or Latino (of any race) - Puerto Rican,Percent; HISPANIC OR LATINO AND RACE - Total population - Hispanic or Latino (of any race) - Puerto Rican,Percent Margin of Error; HISPANIC OR LATINO AND RACE - Total population - Hispanic or Latino (of any race) - Puerto Rican,Estimate; HISPANIC OR LATINO AND RACE - Total population - Hispanic or Latino (of any race) - Cuban,Margin of Error; HISPANIC OR LATINO AND RACE - Total population - Hispanic or Latino (of any race) - Cuban,Percent; HISPANIC OR LATINO AND RACE - Total population - Hispanic or Latino (of any race) - Cuban,Percent Margin of Error; HISPANIC OR LATINO AND RACE - Total population - Hispanic or Latino (of any race) - Cuban,Estimate; HISPANIC OR LATINO AND RACE - Total population - Hispanic or Latino (of any race) - Other Hispanic or Latino,Margin of Error; HISPANIC OR LATINO AND RACE - Total population - Hispanic or Latino (of any race) - Other Hispanic or Latino,Percent; HISPANIC OR LATINO AND RACE - Total population - Hispanic or Latino (of any race) - Other Hispanic or Latino,Percent Margin of Error; HISPANIC OR LATINO AND RACE - Total population - Hispanic or Latino (of any race) - Other Hispanic or Latino,Estimate; HISPANIC OR LATINO AND RACE - Total population - Not Hispanic or Latino,Margin of Error; HISPANIC OR LATINO AND RACE - Total population - Not Hispanic or Latino,Percent; HISPANIC OR LATINO AND RACE - Total population - Not Hispanic or Latino,Percent Margin of Error; HISPANIC OR LATINO AND RACE - Total population - Not Hispanic or Latino,Estimate; HISPANIC OR LATINO AND RACE - Total population - Not Hispanic or Latino - White alone,Margin of Error; HISPANIC OR LATINO AND RACE - Total population - Not Hispanic or Latino - White alone,Percent; HISPANIC OR LATINO AND RACE - Total population - Not Hispanic or Latino - White alone,Percent Margin of Error; HISPANIC OR LATINO AND RACE - Total population - Not Hispanic or Latino - White alone,Estimate; HISPANIC OR LATINO AND RACE - Total population - Not Hispanic or Latino - Black or African American alone,Margin of Error; HISPANIC OR LATINO AND RACE - Total population - Not Hispanic or Latino - Black or African American alone,Percent; HISPANIC OR LATINO AND RACE - Total population - Not Hispanic or Latino - Black or African American alone,Percent Margin of Error; HISPANIC OR LATINO AND RACE - Total population - Not Hispanic or Latino - Black or African American alone,Estimate; HISPANIC OR LATINO AND RACE - Total population - Not Hispanic or Latino - American Indian and Alaska Native alone,Margin of Error; HISPANIC OR LATINO AND RACE - Total population - Not Hispanic or Latino - American Indian and Alaska Native alone,Percent; HISPANIC OR LATINO AND RACE - Total population - Not Hispanic or Latino - American Indian and Alaska Native alone,Percent Margin of Error; HISPANIC OR LATINO AND RACE - Total population - Not Hispanic or Latino - American Indian and Alaska Native alone,Estimate; HISPANIC OR LATINO AND RACE - Total population - Not Hispanic or Latino - Asian alone,Margin of Error; HISPANIC OR LATINO AND RACE - Total population - Not Hispanic or Latino - Asian alone,Percent; HISPANIC OR LATINO AND RACE - Total population - Not Hispanic or Latino - Asian alone,Percent Margin of Error; HISPANIC OR LATINO AND RACE - Total population - Not Hispanic or Latino - Asian alone,Estimate; HISPANIC OR LATINO AND RACE - Total population - Not Hispanic or Latino - Native Hawaiian and Other Pacific Islander alone,Margin of Error; HISPANIC OR LATINO AND RACE - Total population - Not Hispanic or Latino - Native Hawaiian and Other Pacific Islander alone,Percent; HISPANIC OR LATINO AND RACE - Total population - Not Hispanic or Latino - Native Hawaiian and Other Pacific Islander alone,Percent Margin of Error; HISPANIC OR LATINO AND RACE - Total population - Not Hispanic or Latino - Native Hawaiian and Other Pacific Islander alone,Estimate; HISPANIC OR LATINO AND RACE - Total population - Not Hispanic or Latino - Some other race alone,Margin of Error; HISPANIC OR LATINO AND RACE - Total population - Not Hispanic or Latino - Some other race alone,Percent; HISPANIC OR LATINO AND RACE - Total population - Not Hispanic or Latino - Some other race alone,Percent Margin of Error; HISPANIC OR LATINO AND RACE - Total population - Not Hispanic or Latino - Some other race alone,Estimate; HISPANIC OR LATINO AND RACE - Total population - Not Hispanic or Latino - Two or more races,Margin of Error; HISPANIC OR LATINO AND RACE - Total population - Not Hispanic or Latino - Two or more races,Percent; HISPANIC OR LATINO AND RACE - Total population - Not Hispanic or Latino - Two or more races,Percent Margin of Error; HISPANIC OR LATINO AND RACE - Total population - Not Hispanic or Latino - Two or more races,Estimate; HISPANIC OR LATINO AND RACE - Total population - Not Hispanic or Latino - Two or more races - Two races including Some other race,Margin of Error; HISPANIC OR LATINO AND RACE - Total population - Not Hispanic or Latino - Two or more races - Two races including Some other race,Percent; HISPANIC OR LATINO AND RACE - Total population - Not Hispanic or Latino - Two or more races - Two races including Some other race,Percent Margin of Error; HISPANIC OR LATINO AND RACE - Total population - Not Hispanic or Latino - Two or more races - Two races including Some other race,"Estimate; HISPANIC OR LATINO AND RACE - Total population - Not Hispanic or Latino - Two or more races - Two races excluding Some other race, and Three or more races","Margin of Error; HISPANIC OR LATINO AND RACE - Total population - Not Hispanic or Latino - Two or more races - Two races excluding Some other race, and Three or more races","Percent; HISPANIC OR LATINO AND RACE - Total population - Not Hispanic or Latino - Two or more races - Two races excluding Some other race, and Three or more races","Percent Margin of Error; HISPANIC OR LATINO AND RACE - Total population - Not Hispanic or Latino - Two or more races - Two races excluding Some other race, and Three or more races",Estimate; HISPANIC OR LATINO AND RACE - Total housing units,Margin of Error; HISPANIC OR LATINO AND RACE - Total housing units,Percent; HISPANIC OR LATINO AND RACE - Total housing units,Percent Margin of Error; HISPANIC OR LATINO AND RACE - Total housing units
4,610U400US25005,25005,Second Hampden & Hampshire ,158692,841,158692,(X),76910,1100,48.5,0.6,81782,938,51.5,0.6,8881,558,5.6,0.3,8604,651,5.4,0.4,9899,606,6.2,0.4,10860,749,6.8,0.5,12251,848,7.7,0.5,19620,846,12.4,0.5,19236,679,12.1,0.4,24312,719,15.3,0.5,11064,722,7.0,0.5,9772,577,6.2,0.4,12105,608,7.6,0.4,7762,469,4.9,0.3,4326,419,2.7,0.3,40.1,0.6,(X),(X),125348,964,79.0,0.6,117910,1131,74.3,0.7,29778,879,18.8,0.6,24193,649,15.2,0.4,125348,964,125348,(X),59237,1006,47.3,0.6,66111,774,52.7,0.6,24193,649,24193,(X),10029,446,41.5,1.2,14164,420,58.5,1.2,158692,841,158692,(X),156115,899,98.4,0.3,2577,487,1.6,0.3,156115,899,98.4,0.3,141432,1562,89.1,0.9,3692,744,2.3,0.5,414,246,0.3,0.2,0,29,0.0,0.1,0,29,0.0,0.1,0,29,0.0,0.1,0,29,0.0,0.1,3294,755,2.1,0.5,852,415,0.5,0.3,354,183,0.2,0.1,201,138,0.1,0.1,28,34,0.0,0.1,539,381,0.3,0.2,15,17,0.0,0.1,1305,459,0.8,0.3,108,55,0.1,0.1,77,51,0.0,0.1,0,29,0.0,0.1,31,28,0.0,0.1,0,29,0.0,0.1,7175,1145,4.5,0.7,2577,487,1.6,0.3,606,221,0.4,0.1,566,205,0.4,0.1,384,234,0.2,0.1,38,35,0.0,0.1,158692,841,158692,(X),143695,1593,90.5,0.9,4511,752,2.8,0.5,1099,260,0.7,0.2,3882,802,2.4,0.5,305,192,0.2,0.1,7928,1254,5.0,0.8,158692,841,158692,(X),27247,1202,17.2,0.7,461,185,0.3,0.1,24533,1191,15.5,0.7,103,70,0.1,0.1,2150,550,1.4,0.3,131445,1142,82.8,0.7,122168,1590,77.0,0.9,3338,739,2.1,0.5,287,216,0.2,0.1,3292,756,2.1,0.5,108,55,0.1,0.1,406,261,0.3,0.2,1846,467,1.2,0.3,230,182,0.1,0.1,1616,426,1.0,0.3,66454,801,(X),(X)
7,610U400US25008,25008,"Worcester, Hampden, Hampshire & Middlesex ",163459,333,163459,(X),82266,1147,50.3,0.7,81193,1151,49.7,0.7,7889,639,4.8,0.4,9290,660,5.7,0.4,12174,768,7.4,0.5,10613,758,6.5,0.5,9149,597,5.6,0.4,16398,973,10.0,0.6,21194,724,13.0,0.4,28539,959,17.5,0.6,13616,804,8.3,0.5,11447,719,7.0,0.4,13735,644,8.4,0.4,6374,508,3.9,0.3,3041,319,1.9,0.2,43.1,0.5,(X),(X),127295,851,77.9,0.5,121542,922,74.4,0.6,29660,806,18.1,0.5,23150,587,14.2,0.4,127295,851,127295,(X),63228,891,49.7,0.6,64067,951,50.3,0.6,23150,587,23150,(X),10618,474,45.9,1.5,12532,429,54.1,1.5,163459,333,163459,(X),161230,580,98.6,0.3,2229,465,1.4,0.3,161230,580,98.6,0.3,157406,922,96.3,0.5,1112,322,0.7,0.2,226,138,0.1,0.1,9,16,0.0,0.1,0,29,0.0,0.1,17,30,0.0,0.1,0,29,0.0,0.1,1164,415,0.7,0.3,198,118,0.1,0.1,370,323,0.2,0.2,85,60,0.1,0.1,62,68,0.0,0.1,114,68,0.1,0.1,61,79,0.0,0.1,274,194,0.2,0.1,31,47,0.0,0.1,0,29,0.0,0.1,0,29,0.0,0.1,31,47,0.0,0.1,0,29,0.0,0.1,1291,469,0.8,0.3,2229,465,1.4,0.3,645,250,0.4,0.2,378,201,0.2,0.1,566,208,0.3,0.1,80,77,0.0,0.1,163459,333,163459,(X),159436,782,97.5,0.5,2011,386,1.2,0.2,833,268,0.5,0.2,1761,475,1.1,0.3,62,62,0.0,0.1,1706,550,1.0,0.3,163459,333,163459,(X),4304,896,2.6,0.5,360,150,0.2,0.1,2282,631,1.4,0.4,133,99,0.1,0.1,1529,584,0.9,0.4,159155,933,97.4,0.5,154859,1204,94.7,0.7,1098,321,0.7,0.2,105,51,0.1,0.1,1164,415,0.7,0.3,31,47,0.0,0.1,184,127,0.1,0.1,1714,398,1.0,0.2,78,48,0.0,0.1,1636,397,1.0,0.2,69830,746,(X),(X)
8,610U400US25009,25009,Worcester & Middlesex ,159869,638,159869,(X),80197,993,50.2,0.6,79672,1145,49.8,0.6,9314,724,5.8,0.4,9107,566,5.7,0.4,10162,639,6.4,0.4,10434,605,6.5,0.4,11125,683,7.0,0.4,20204,1020,12.6,0.6,20747,842,13.0,0.5,26348,919,16.5,0.6,11341,661,7.1,0.4,9178,646,5.7,0.4,11779,546,7.4,0.3,6525,458,4.1,0.3,3605,382,2.3,0.2,40.0,0.7,(X),(X),125290,875,78.4,0.5,118088,938,73.9,0.6,27268,889,17.1,0.6,21909,720,13.7,0.5,125290,875,125290,(X),62565,836,49.9,0.6,62725,867,50.1,0.6,21909,720,21909,(X),9657,416,44.1,1.4,12252,536,55.9,1.4,159869,638,159869,(X),155838,799,97.5,0.4,4031,570,2.5,0.4,155838,799,97.5,0.4,139059,1382,87.0,0.8,5017,733,3.1,0.5,430,153,0.3,0.1,92,77,0.1,0.1,2,5,0.0,0.1,0,29,0.0,0.1,6,10,0.0,0.1,3944,720,2.5,0.4,449,227,0.3,0.1,591,241,0.4,0.2,304,219,0.2,0.1,323,277,0.2,0.2,253,112,0.2,0.1,488,255,0.3,0.2,1536,464,1.0,0.3,0,29,0.0,0.1,0,29,0.0,0.1,0,29,0.0,0.1,0,29,0.0,0.1,0,29,0.0,0.1,7388,969,4.6,0.6,4031,570,2.5,0.4,1897,432,1.2,0.3,420,157,0.3,0.1,831,224,0.5,0.1,59,41,0.0,0.1,159869,638,159869,(X),142814,1326,89.3,0.8,7372,908,4.6,0.6,1072,271,0.7,0.2,4911,787,3.1,0.5,21,29,0.0,0.1,8041,1002,5.0,0.6,159869,638,159869,(X),19925,1389,12.5,0.9,1322,517,0.8,0.3,10781,1096,6.7,0.7,166,135,0.1,0.1,7656,1127,4.8,0.7,139944,1308,87.5,0.9,128424,1473,80.3,1.0,4688,719,2.9,0.5,392,148,0.2,0.1,3685,688,2.3,0.4,0,29,0.0,0.1,393,220,0.2,0.1,2362,419,1.5,0.3,46,34,0.0,0.1,2316,415,1.4,0.3,66959,938,(X),(X)
9,610U400US25010,25010,First Worcester ,171637,1674,171637,(X),83605,1208,48.7,0.5,88032,1205,51.3,0.5,10178,700,5.9,0.4,10216,672,6.0,0.4,10063,624,5.9,0.4,13587,746,7.9,0.4,15773,852,9.2,0.5,24120,982,14.1,0.6,20745,799,12.1,0.4,23642,834,13.8,0.5,11595,579,6.8,0.3,8766,625,5.1,0.4,11005,558,6.4,0.3,7305,480,4.3,0.3,4642,405,2.7,0.2,36.0,0.7,(X),(X),135111,1457,78.7,0.6,123897,1505,72.2,0.7,27947,815,16.3,0.5,22952,687,13.4,0.4,135111,1457,135111,(X),64897,1171,48.0,0.6,70214,1015,52.0,0.6,22952,687,22952,(X),8814,446,38.4,1.6,14138,571,61.6,1.6,171637,1674,171637,(X),164291,1807,95.7,0.5,7346,923,4.3,0.5,164291,1807,95.7,0.5,134157,1850,78.2,1.0,15084,1242,8.8,0.7,447,140,0.3,0.1,70,50,0.0,0.1,0,29,0.0,0.1,0,29,0.0,0.1,0,29,0.0,0.1,8940,1010,5.2,0.6,1808,502,1.1,0.3,2353,526,1.4,0.3,139,96,0.1,0.1,371,162,0.2,0.1,276,133,0.2,0.1,2173,519,1.3,0.3,1820,626,1.1,0.4,127,88,0.1,0.1,89,86,0.1,0.1,0,29,0.0,0.1,0,29,0.0,0.1,38,52,0.0,0.1,5536,1061,3.2,0.6,7346,923,4.3,0.5,3605,635,2.1,0.4,1003,378,0.6,0.2,975,339,0.6,0.2,347,211,0.2,0.1,171637,1674,171637,(X),140618,1878,81.9,1.0,19532,1432,11.4,0.8,1923,474,1.1,0.3,10167,1008,5.9,0.6,316,142,0.2,0.1,6689,1132,3.9,0.7,171637,1674,171637,(X),26935,1594,15.7,0.9,1372,520,0.8,0.3,15417,1485,9.0,0.8,189,108,0.1,0.1,9957,1440,5.8,0.8,144702,1777,84.3,0.9,117790,1791,68.6,1.1,13467,1096,7.8,0.6,344,105,0.2,0.1,8922,1008,5.2,0.6,127,88,0.1,0.1,615,313,0.4,0.2,3437,551,2.0,0.3,318,142,0.2,0.1,3119,545,1.8,0.3,68590,763,(X),(X)
10,610U400US25011,25011,Second Worcester ,173106,1589,173106,(X),83802,1192,48.4,0.5,89304,1159,51.6,0.5,10468,679,6.0,0.4,11162,623,6.4,0.4,11557,701,6.7,0.4,13088,659,7.6,0.4,11030,687,6.4,0.4,20740,978,12.0,0.5,24619,905,14.2,0.5,27185,846,15.7,0.5,11593,650,6.7,0.4,9090,603,5.3,0.4,12144,484,7.0,0.3,6960,454,4.0,0.3,3470,314,2.0,0.2,38.7,0.6,(X),(X),131895,1227,76.2,0.5,124397,1235,71.9,0.6,27550,808,15.9,0.5,22574,584,13.0,0.4,131895,1227,131895,(X),62512,948,47.4,0.5,69383,873,52.6,0.5,22574,584,22574,(X),9793,380,43.4,1.4,12781,481,56.6,1.4,173106,1589,173106,(X),169279,1711,97.8,0.4,3827,667,2.2,0.4,169279,1711,97.8,0.4,141986,1622,82.0,0.7,10741,1003,6.2,0.6,319,137,0.2,0.1,15,24,0.0,0.1,0,29,0.0,0.1,12,21,0.0,0.1,0,29,0.0,0.1,13233,1005,7.6,0.6,4903,764,2.8,0.4,2099,474,1.2,0.3,183,110,0.1,0.1,148,159,0.1,0.1,157,92,0.1,0.1,4239,796,2.4,0.5,1504,474,0.9,0.3,101,83,0.1,0.1,21,34,0.0,0.1,0,29,0.0,0.1,0,29,0.0,0.1,80,78,0.0,0.1,2899,635,1.7,0.4,3827,667,2.2,0.4,945,293,0.5,0.2,523,200,0.3,0.1,1121,336,0.6,0.2,26,21,0.0,0.1,173106,1589,173106,(X),145390,1606,84.0,0.7,11956,1074,6.9,0.6,981,241,0.6,0.1,14713,1060,8.5,0.6,338,131,0.2,0.1,3740,647,2.2,0.4,173106,1589,173106,(X),16512,1350,9.5,0.8,587,253,0.3,0.1,9744,1156,5.6,0.7,236,170,0.1,0.1,5945,812,3.4,0.5,156594,1653,90.5,0.8,130178,1676,75.2,1.0,9671,960,5.6,0.5,213,106,0.1,0.1,13189,1014,7.6,0.6,101,83,0.1,0.1,321,198,0.2,0.1,2921,608,1.7,0.4,273,181,0.2,0.1,2648,528,1.5,0.3,69430,724,(X),(X)
11,610U400US25012,25012,Worcester & Norfolk ,166588,597,166588,(X),81133,1040,48.7,0.6,85455,1118,51.3,0.6,9421,603,5.7,0.4,10316,735,6.2,0.4,11341,667,6.8,0.4,12476,682,7.5,0.4,9604,711,5.8,0.4,18598,888,11.2,0.5,23113,846,13.9,0.5,28171,975,16.9,0.6,12360,580,7.4,0.3,9766,770,5.9,0.5,11738,614,7.0,0.4,6276,542,3.8,0.3,3408,342,2.0,0.2,40.5,0.5,(X),(X),127880,900,76.8,0.5,121034,1010,72.7,0.6,27249,928,16.4,0.6,21422,735,12.9,0.4,127880,900,127880,(X),61551,907,48.1,0.6,66329,871,51.9,0.6,21422,735,21422,(X),9005,431,42.0,1.4,12417,518,58.0,1.4,166588,597,166588,(X),163049,882,97.9,0.4,3539,631,2.1,0.4,163049,882,97.9,0.4,151249,1513,90.8,0.9,2730,715,1.6,0.4,222,116,0.1,0.1,21,32,0.0,0.1,0,29,0.0,0.1,0,29,0.0,0.1,0,29,0.0,0.1,2954,643,1.8,0.4,1120,466,0.7,0.3,519,200,0.3,0.1,175,152,0.1,0.1,27,26,0.0,0.1,52,49,0.0,0.1,357,261,0.2,0.2,704,294,0.4,0.2,21,25,0.0,0.1,14,22,0.0,0.1,7,12,0.0,0.1,0,29,0.0,0.1,0,29,0.0,0.1,5873,1043,3.5,0.6,3539,631,2.1,0.4,991,305,0.6,0.2,811,247,0.5,0.1,409,166,0.2,0.1,14,20,0.0,0.1,166588,597,166588,(X),154309,1372,92.6,0.8,4367,883,2.6,0.5,1207,303,0.7,0.2,3620,694,2.2,0.4,81,68,0.0,0.1,6857,1100,4.1,0.7,166588,597,166588,(X),12212,1151,7.3,0.7,939,420,0.6,0.3,7157,836,4.3,0.5,148,154,0.1,0.1,3968,1060,2.4,0.6,154376,1345,92.7,0.7,145264,1637,87.2,0.9,2549,718,1.5,0.4,159,101,0.1,0.1,2954,643,1.8,0.4,0,29,0.0,0.1,881,432,0.5,0.3,2569,484,1.5,0.3,197,137,0.1,0.1,2372,454,1.4,0.3,66899,818,(X),(X)
12,610U400US25013,25013,First Middlesex ,169290,51,169290,(X),83770,1000,49.5,0.6,85520,1005,50.5,0.6,10403,706,6.1,0.4,11164,644,6.6,0.4,11592,668,6.8,0.4,13528,689,8.0,0.4,12176,832,7.2,0.5,23584,1180,13.9,0.7,21260,940,12.6,0.6,26764,934,15.8,0.6,11852,684,7.0,0.4,8807,609,5.2,0.4,10134,621,6.0,0.4,5451,490,3.2,0.3,2575,314,1.5,0.2,36.1,0.7,(X),(X),128813,967,76.1,0.6,120230,1171,71.0,0.7,23121,886,13.7,0.5,18160,782,10.7,0.5,128813,967,128813,(X),63296,979,49.1,0.6,65517,800,50.9,0.6,18160,782,18160,(X),7894,470,43.5,1.8,10266,548,56.5,1.8,169290,51,169290,(X),164526,750,97.2,0.4,4764,748,2.8,0.4,164526,750,97.2,0.4,116201,1952,68.6,1.2,7928,1047,4.7,0.6,384,186,0.2,0.1,33,35,0.0,0.1,0,29,0.0,0.1,0,29,0.0,0.1,0,29,0.0,0.1,27444,1537,16.2,0.9,3883,749,2.3,0.4,2520,520,1.5,0.3,336,231,0.2,0.1,52,47,0.0,0.1,530,285,0.3,0.2,1984,520,1.2,0.3,18139,1425,10.7,0.8,34,35,0.0,0.1,5,8,0.0,0.1,8,12,0.0,0.1,8,19,0.0,0.1,13,26,0.0,0.1,12535,1279,7.4,0.8,4764,748,2.8,0.4,1374,498,0.8,0.3,554,201,0.3,0.1,1009,258,0.6,0.2,20,25,0.0,0.1,169290,51,169290,(X),120201,1991,71.0,1.2,9654,1156,5.7,0.7,1091,293,0.6,0.2,29138,1515,17.2,0.9,85,54,0.1,0.1,14062,1321,8.3,0.8,169290,51,169290,(X),21210,1247,12.5,0.7,620,198,0.4,0.1,13163,1155,7.8,0.7,595,260,0.4,0.2,6832,921,4.0,0.5,148080,1252,87.5,0.7,107649,1823,63.6,1.1,7614,1033,4.5,0.6,192,104,0.1,0.1,27332,1524,16.1,0.9,13,20,0.0,0.1,1913,571,1.1,0.3,3367,622,2.0,0.4,700,268,0.4,0.2,2667,593,1.6,0.4,64094,795,(X),(X)
13,610U400US25014,25014,Middlesex & Worcester ,173604,513,173604,(X),87067,1033,50.2,0.6,86537,1064,49.8,0.6,9689,788,5.6,0.5,10525,663,6.1,0.4,11893,666,6.9,0.4,11197,692,6.4,0.4,7894,601,4.5,0.3,19329,1035,11.1,0.6,24961,857,14.4,0.5,31263,1051,18.0,0.6,13749,702,7.9,0.4,10005,608,5.8,0.4,12896,609,7.4,0.3,7134,616,4.1,0.4,3069,315,1.8,0.2,41.9,0.6,(X),(X),133436,924,76.9,0.5,128651,930,74.1,0.5,29160,684,16.8,0.4,23099,597,13.3,0.3,133436,924,133436,(X),66837,1053,50.1,0.7,66599,914,49.9,0.7,23099,597,23099,(X),10107,415,43.8,1.4,12992,482,56.2,1.4,173604,513,173604,(X),164788,1348,94.9,0.7,8816,1286,5.1,0.7,164788,1348,94.9,0.7,143207,1502,82.5,0.9,3718,666,2.1,0.4,236,92,0.1,0.1,19,28,0.0,0.1,12,21,0.0,0.1,0,29,0.0,0.1,4,8,0.0,0.1,15376,1056,8.9,0.6,6978,946,4.0,0.5,4994,804,2.9,0.5,536,283,0.3,0.2,391,157,0.2,0.1,675,240,0.4,0.1,401,214,0.2,0.1,1401,493,0.8,0.3,13,20,0.0,0.1,0,29,0.0,0.1,13,20,0.0,0.1,0,29,0.0,0.1,0,29,0.0,0.1,2238,627,1.3,0.4,8816,1286,5.1,0.7,5479,1197,3.2,0.7,576,233,0.3,0.1,1257,324,0.7,0.2,28,33,0.0,0.1,173604,513,173604,(X),151679,1214,87.4,0.7,9626,1316,5.5,0.8,1208,389,0.7,0.2,17037,1126,9.8,0.6,50,46,0.0,0.1,3278,764,1.9,0.4,173604,513,173604,(X),10406,1323,6.0,0.8,1389,516,0.8,0.3,2824,749,1.6,0.4,75,42,0.0,0.1,6118,1068,3.5,0.6,163198,1357,94.0,0.8,138149,1608,79.6,0.9,3546,660,2.0,0.4,188,75,0.1,0.1,15332,1053,8.8,0.6,0,29,0.0,0.1,370,169,0.2,0.1,5613,1114,3.2,0.6,410,167,0.2,0.1,5203,1103,3.0,0.6,69199,898,(X),(X)
16,610U400US25017,25017,"Norfolk, Bristol & Middlesex ",164016,1416,164016,(X),80611,1114,49.1,0.6,83405,1202,50.9,0.6,9117,717,5.6,0.4,11150,771,6.8,0.5,12610,620,7.7,0.4,13080,751,8.0,0.5,9992,733,6.1,0.4,14095,820,8.6,0.5,22384,728,13.6,0.4,28470,922,17.4,0.6,12403,724,7.6,0.4,9327,552,5.7,0.3,11397,591,6.9,0.4,6839,506,4.2,0.3,3152,440,1.9,0.3,41.1,0.5,(X),(X),123838,1117,75.5,0.4,115906,1075,70.7,0.5,26888,853,16.4,0.5,21388,745,13.0,0.5,123838,1117,123838,(X),59598,1002,48.1,0.6,64240,837,51.9,0.6,21388,745,21388,(X),9427,451,44.1,1.4,11961,506,55.9,1.4,164016,1416,164016,(X),161500,1537,98.5,0.3,2516,497,1.5,0.3,161500,1537,98.5,0.3,148746,1647,90.7,0.6,3394,615,2.1,0.4,150,95,0.1,0.1,3,6,0.0,0.1,7,14,0.0,0.1,0,29,0.0,0.1,3,6,0.0,0.1,7656,721,4.7,0.4,1833,461,1.1,0.3,3799,529,2.3,0.3,347,163,0.2,0.1,129,88,0.1,0.1,537,192,0.3,0.1,269,148,0.2,0.1,742,249,0.5,0.2,22,41,0.0,0.1,22,41,0.0,0.1,0,29,0.0,0.1,0,29,0.0,0.1,0,29,0.0,0.1,1532,428,0.9,0.3,2516,497,1.5,0.3,670,341,0.4,0.2,379,145,0.2,0.1,926,265,0.6,0.2,17,18,0.0,0.1,164016,1416,164016,(X),150996,1593,92.1,0.6,4331,761,2.6,0.5,686,180,0.4,0.1,8700,731,5.3,0.4,133,94,0.1,0.1,1826,455,1.1,0.3,164016,1416,164016,(X),5393,848,3.3,0.5,890,282,0.5,0.2,1915,461,1.2,0.3,328,150,0.2,0.1,2260,491,1.4,0.3,158623,1541,96.7,0.5,145000,1661,88.4,0.7,3259,621,2.0,0.4,136,93,0.1,0.1,7656,721,4.7,0.4,22,41,0.0,0.1,310,203,0.2,0.1,2240,450,1.4,0.3,167,68,0.1,0.1,2073,463,1.3,0.3,60516,785,(X),(X)
17,610U400US25018,25018,Second Essex & Middlesex ,171683,62,171683,(X),82467,1054,48.0,0.6,89216,1065,52.0,0.6,11449,633,6.7,0.4,11753,589,6.8,0.3,12844,702,7.5,0.4,12754,680,7.4,0.4,12181,623,7.1,0.4,21757,866,12.7,0.5,22355,845,13.0,0.5,25831,965,15.0,0.6,10929,718,6.4,0.4,9580,601,5.6,0.3,11284,558,6.6,0.3,5993,478,3.5,0.3,2973,386,1.7,0.2,36.6,0.7,(X),(X),127909,874,74.5,0.5,120436,1013,70.2,0.6,25668,744,15.0,0.4,20250,688,11.8,0.4,127909,874,127909,(X),60236,971,47.1,0.6,67673,798,52.9,0.6,20250,688,20250,(X),8581,417,42.4,1.6,11669,523,57.6,1.6,171683,62,171683,(X),167797,651,97.7,0.4,3886,639,2.3,0.4,167797,651,97.7,0.4,112509,2043,65.5,1.2,7406,938,4.3,0.5,378,122,0.2,0.1,30,29,0.0,0.1,10,21,0.0,0.1,0,29,0.0,0.1,0,29,0.0,0.1,8713,887,5.1,0.5,2016,591,1.2,0.3,2151,488,1.3,0.3,108,72,0.1,0.1,193,123,0.1,0.1,966,360,0.6,0.2,808,341,0.5,0.2,2471,662,1.4,0.4,0,29,0.0,0.1,0,29,0.0,0.1,0,29,0.0,0.1,0,29,0.0,0.1,0,29,0.0,0.1,38791,1856,22.6,1.1,3886,639,2.3,0.4,1171,385,0.7,0.2,411,150,0.2,0.1,739,315,0.4,0.2,35,36,0.0,0.1,171683,62,171683,(X),115832,2034,67.5,1.2,8973,1024,5.2,0.6,936,205,0.5,0.1,9554,1038,5.6,0.6,38,35,0.0,0.1,40308,1920,23.5,1.1,171683,62,171683,(X),62169,1442,36.2,0.8,788,249,0.5,0.1,18380,1686,10.7,1.0,500,216,0.3,0.1,42501,1861,24.8,1.1,109514,1439,63.8,0.8,94764,1661,55.2,1.0,3702,736,2.2,0.4,176,81,0.1,0.1,8697,884,5.1,0.5,0,29,0.0,0.1,475,188,0.3,0.1,1700,449,1.0,0.3,74,45,0.0,0.1,1626,442,0.9,0.3,63507,678,(X),(X)
18,610U400US25019,25019,First Essex ,173577,571,173577,(X),84562,1113,48.7,0.6,89015,1053,51.3,0.6,10314,593,5.9,0.3,10385,590,6.0,0.3,10678,626,6.2,0.4,10894,657,6.3,0.4,10305,674,5.9,0.4,20829,930,12.0,0.5,23673,824,13.6,0.5,27582,878,15.9,0.5,12928,684,7.4,0.4,11012,632,6.3,0.4,13302,536,7.7,0.3,7417,445,4.3,0.3,4258,401,2.5,0.2,40.9,0.4,(X),(X),135448,816,78.0,0.4,129162,997,74.4,0.6,31694,856,18.3,0.5,24977,752,14.4,0.4,135448,816,135448,(X),64514,887,47.6,0.6,70934,986,52.4,0.6,24977,752,24977,(X),10275,450,41.1,1.4,14702,596,58.9,1.4,173577,571,173577,(X),170404,784,98.2,0.3,3173,545,1.8,0.3,170404,784,98.2,0.3,149603,1683,86.2,1.0,3857,581,2.2,0.3,370,354,0.2,0.2,0,29,0.0,0.1,0,29,0.0,0.1,0,29,0.0,0.1,0,29,0.0,0.1,3564,570,2.1,0.3,704,308,0.4,0.2,747,304,0.4,0.2,194,182,0.1,0.1,63,51,0.0,0.1,422,180,0.2,0.1,758,282,0.4,0.2,676,324,0.4,0.2,0,29,0.0,0.1,0,29,0.0,0.1,0,29,0.0,0.1,0,29,0.0,0.1,0,29,0.0,0.1,13010,1352,7.5,0.8,3173,545,1.8,0.3,1469,410,0.8,0.2,367,134,0.2,0.1,534,222,0.3,0.1,1,3,0.0,0.1,173577,571,173577,(X),152551,1633,87.9,0.9,5596,758,3.2,0.4,802,406,0.5,0.2,4164,613,2.4,0.4,53,71,0.0,0.1,13698,1408,7.9,0.8,173577,571,173577,(X),22995,1304,13.2,0.7,1212,431,0.7,0.2,8230,1074,4.7,0.6,721,357,0.4,0.2,12832,1334,7.4,0.8,150582,1304,86.8,0.7,140917,1527,81.2,0.9,2752,545,1.6,0.3,70,50,0.0,0.1,3483,562,2.0,0.3,0,29,0.0,0.1,1072,440,0.6,0.3,2288,454,1.3,0.3,97,96,0.1,0.1,2191,457,1.3,0.3,72316,847,(X),(X)
19,610U400US25020,25020,First Essex & Middlesex ,174197,572,174197,(X),86270,1114,49.5,0.6,87927,1056,50.5,0.6,8174,640,4.7,0.4,11200,695,6.4,0.4,11904,640,6.8,0.4,12443,651,7.1,0.4,8534,532,4.9,0.3,16245,966,9.3,0.6,20619,832,11.8,0.5,31267,835,17.9,0.5,13890,681,8.0,0.4,12235,666,7.0,0.4,15965,588,9.2,0.3,8007,506,4.6,0.3,3714,412,2.1,0.2,44.3,0.4,(X),(X),135070,842,77.5,0.4,128543,966,73.8,0.5,34664,878,19.9,0.5,27686,764,15.9,0.4,135070,842,135070,(X),65504,1033,48.5,0.6,69566,874,51.5,0.6,27686,764,27686,(X),12319,494,44.5,1.3,15367,559,55.5,1.3,174197,572,174197,(X),171834,710,98.6,0.2,2363,386,1.4,0.2,171834,710,98.6,0.2,163638,1165,93.9,0.6,1745,484,1.0,0.3,141,71,0.1,0.1,39,44,0.0,0.1,18,30,0.0,0.1,20,29,0.0,0.1,7,14,0.0,0.1,5043,784,2.9,0.4,1344,398,0.8,0.2,1639,443,0.9,0.3,193,94,0.1,0.1,235,132,0.1,0.1,470,219,0.3,0.1,420,268,0.2,0.2,742,319,0.4,0.2,36,35,0.0,0.1,8,18,0.0,0.1,26,29,0.0,0.1,0,29,0.0,0.1,2,4,0.0,0.1,1231,296,0.7,0.2,2363,386,1.4,0.2,615,203,0.4,0.1,436,186,0.3,0.1,811,228,0.5,0.1,60,72,0.0,0.1,174197,572,174197,(X),165782,1114,95.2,0.6,2513,574,1.4,0.3,736,218,0.4,0.1,6039,840,3.5,0.5,127,118,0.1,0.1,1477,314,0.8,0.2,174197,572,174197,(X),4266,704,2.4,0.4,548,207,0.3,0.1,1365,458,0.8,0.3,419,342,0.2,0.2,1934,340,1.1,0.2,169931,822,97.6,0.4,161021,1324,92.4,0.7,1534,419,0.9,0.2,105,68,0.1,0.1,5041,783,2.9,0.4,27,32,0.0,0.1,239,171,0.1,0.1,1964,355,1.1,0.2,60,53,0.0,0.1,1904,353,1.1,0.2,69081,661,(X),(X)
20,610U400US25021,25021,Second Essex ,167920,102,167920,(X),79635,1021,47.4,0.6,88285,1032,52.6,0.6,7898,460,4.7,0.3,9027,677,5.4,0.4,9353,656,5.6,0.4,10880,646,6.5,0.4,12114,788,7.2,0.5,20165,870,12.0,0.5,20924,747,12.5,0.4,26043,744,15.5,0.4,12684,704,7.6,0.4,10202,597,6.1,0.4,13411,614,8.0,0.4,9362,689,5.6,0.4,5857,503,3.5,0.3,42.2,0.5,(X),(X),135845,734,80.9,0.4,128170,874,76.3,0.5,34519,798,20.6,0.5,28630,737,17.0,0.4,135845,734,135845,(X),63055,878,46.4,0.6,72790,891,53.6,0.6,28630,737,28630,(X),11717,472,40.9,1.3,16913,599,59.1,1.3,167920,102,167920,(X),164544,762,98.0,0.4,3376,747,2.0,0.4,164544,762,98.0,0.4,149628,1526,89.1,0.9,4984,802,3.0,0.5,304,191,0.2,0.1,34,55,0.0,0.1,0,29,0.0,0.1,0,29,0.0,0.1,0,29,0.0,0.1,4034,718,2.4,0.4,892,445,0.5,0.3,1013,317,0.6,0.2,465,229,0.3,0.1,124,74,0.1,0.1,356,135,0.2,0.1,520,232,0.3,0.1,664,346,0.4,0.2,14,19,0.0,0.1,6,10,0.0,0.1,0,29,0.0,0.1,8,16,0.0,0.1,0,29,0.0,0.1,5580,870,3.3,0.5,3376,747,2.0,0.4,1233,447,0.7,0.3,437,159,0.3,0.1,529,223,0.3,0.1,0,29,0.0,0.1,167920,102,167920,(X),152658,1426,90.9,0.8,6647,888,4.0,0.5,957,281,0.6,0.2,4733,780,2.8,0.5,78,51,0.0,0.1,6458,851,3.8,0.5,167920,102,167920,(X),12952,1077,7.7,0.6,776,244,0.5,0.1,3472,730,2.1,0.4,96,63,0.1,0.1,8608,794,5.1,0.5,154968,1079,92.3,0.6,144145,1574,85.8,0.9,4066,705,2.4,0.4,122,84,0.1,0.1,4010,718,2.4,0.4,14,19,0.0,0.1,508,223,0.3,0.1,2103,468,1.3,0.3,159,87,0.1,0.1,1944,482,1.2,0.3,72100,806,(X),(X)
21,610U400US25022,25022,Third Essex ,168242,60,168242,(X),79952,946,47.5,0.6,88290,943,52.5,0.6,10729,617,6.4,0.4,10758,666,6.4,0.4,10583,620,6.3,0.4,11387,744,6.8,0.4,10514,623,6.2,0.4,21163,855,12.6,0.5,21411,745,12.7,0.4,25951,915,15.4,0.5,11549,631,6.9,0.4,9722,619,5.8,0.4,12903,617,7.7,0.4,7742,535,4.6,0.3,3830,452,2.3,0.3,39.8,0.7,(X),(X),128844,799,76.6,0.5,122695,838,72.9,0.5,29971,891,17.8,0.5,24475,814,14.5,0.5,128844,799,128844,(X),60291,832,46.8,0.6,68553,938,53.2,0.6,24475,814,24475,(X),10053,446,41.1,1.2,14422,578,58.9,1.2,168242,60,168242,(X),162535,923,96.6,0.5,5707,924,3.4,0.5,162535,923,96.6,0.5,122364,1638,72.7,1.0,12491,1057,7.4,0.6,213,106,0.1,0.1,0,29,0.0,0.1,0,29,0.0,0.1,0,29,0.0,0.1,0,29,0.0,0.1,8489,852,5.0,0.5,448,205,0.3,0.1,968,345,0.6,0.2,548,407,0.3,0.2,52,50,0.0,0.1,315,213,0.2,0.1,1196,367,0.7,0.2,4962,658,2.9,0.4,96,75,0.1,0.1,38,44,0.0,0.1,40,52,0.0,0.1,0,29,0.0,0.1,18,30,0.0,0.1,18882,1440,11.2,0.9,5707,924,3.4,0.5,2912,718,1.7,0.4,336,192,0.2,0.1,606,192,0.4,0.1,237,157,0.1,0.1,168242,60,168242,(X),127233,1860,75.6,1.1,16408,1149,9.8,0.7,997,286,0.6,0.2,9335,885,5.5,0.5,311,169,0.2,0.1,20049,1411,11.9,0.8,168242,60,168242,(X),33854,1370,20.1,0.8,1847,575,1.1,0.3,5453,887,3.2,0.5,315,173,0.2,0.1,26239,1549,15.6,0.9,134388,1364,79.9,0.8,110790,1619,65.9,1.0,11252,881,6.7,0.5,159,96,0.1,0.1,8404,840,5.0,0.5,50,48,0.0,0.1,857,355,0.5,0.2,2876,503,1.7,0.3,245,126,0.1,0.1,2631,471,1.6,0.3,66555,809,(X),(X)
22,610U400US25023,25023,Fifth Middlesex ,171669,372,171669,(X),82164,1068,47.9,0.6,89505,987,52.1,0.6,9647,627,5.6,0.4,10289,718,6.0,0.4,9627,613,5.6,0.4,9238,683,5.4,0.4,10423,666,6.1,0.4,24403,1160,14.2,0.7,25251,949,14.7,0.6,26318,779,15.3,0.4,12105,784,7.1,0.5,10081,674,5.9,0.4,12595,564,7.3,0.3,7649,484,4.5,0.3,4043,413,2.4,0.2,40.1,0.6,(X),(X),135980,867,79.2,0.5,131144,1007,76.4,0.6,29851,893,17.4,0.5,24287,710,14.1,0.4,135980,867,135980,(X),64612,996,47.5,0.6,71368,915,52.5,0.6,24287,710,24287,(X),10103,456,41.6,1.5,14184,568,58.4,1.5,171669,372,171669,(X),167859,744,97.8,0.4,3810,633,2.2,0.4,167859,744,97.8,0.4,136224,1557,79.4,0.9,9570,1182,5.6,0.7,199,117,0.1,0.1,0,29,0.0,0.1,0,29,0.0,0.1,0,29,0.0,0.1,0,29,0.0,0.1,19834,1233,11.6,0.7,2774,613,1.6,0.4,11561,1215,6.7,0.7,332,194,0.2,0.1,285,147,0.2,0.1,727,284,0.4,0.2,2231,688,1.3,0.4,1924,719,1.1,0.4,0,29,0.0,0.1,0,29,0.0,0.1,0,29,0.0,0.1,0,29,0.0,0.1,0,29,0.0,0.1,2032,621,1.2,0.4,3810,633,2.2,0.4,1051,326,0.6,0.2,591,224,0.3,0.1,910,351,0.5,0.2,116,138,0.1,0.1,171669,372,171669,(X),139512,1506,81.3,0.9,11039,1259,6.4,0.7,1196,409,0.7,0.2,21286,1203,12.4,0.7,91,74,0.1,0.1,2664,664,1.6,0.4,171669,372,171669,(X),9887,1380,5.8,0.8,751,312,0.4,0.2,2330,540,1.4,0.3,423,179,0.2,0.1,6383,1193,3.7,0.7,161782,1418,94.2,0.8,128869,1638,75.1,1.0,9350,1178,5.4,0.7,159,101,0.1,0.1,19815,1231,11.5,0.7,0,29,0.0,0.1,643,225,0.4,0.1,2946,574,1.7,0.3,218,160,0.1,0.1,2728,559,1.6,0.3,69762,908,(X),(X)
23,610U400US25024,25024,Fourth Middlesex ,170176,629,170176,(X),83277,1131,48.9,0.7,86899,1183,51.1,0.7,9937,728,5.8,0.4,9481,707,5.6,0.4,10185,588,6.0,0.3,9849,661,5.8,0.4,7477,579,4.4,0.3,22595,1168,13.3,0.7,23876,888,14.0,0.5,28009,870,16.5,0.5,12048,637,7.1,0.4,10074,641,5.9,0.4,13360,610,7.9,0.4,8668,527,5.1,0.3,4617,460,2.7,0.3,41.9,0.4,(X),(X),133917,796,78.7,0.5,129454,767,76.1,0.5,32869,971,19.3,0.6,26645,774,15.7,0.5,133917,796,133917,(X),64446,980,48.1,0.7,69471,938,51.9,0.7,26645,774,26645,(X),11068,457,41.5,1.3,15577,583,58.5,1.3,170176,629,170176,(X),166750,829,98.0,0.3,3426,505,2.0,0.3,166750,829,98.0,0.3,144200,1506,84.7,0.8,4602,960,2.7,0.6,178,117,0.1,0.1,20,24,0.0,0.1,0,29,0.0,0.1,0,29,0.0,0.1,0,29,0.0,0.1,16396,960,9.6,0.6,7189,753,4.2,0.4,4407,658,2.6,0.4,310,146,0.2,0.1,599,189,0.4,0.1,1812,432,1.1,0.3,650,319,0.4,0.2,1429,403,0.8,0.2,20,32,0.0,0.1,0,29,0.0,0.1,0,29,0.0,0.1,0,29,0.0,0.1,20,32,0.0,0.1,1354,439,0.8,0.3,3426,505,2.0,0.3,341,125,0.2,0.1,255,147,0.1,0.1,1723,356,1.0,0.2,0,29,0.0,0.1,170176,629,170176,(X),147224,1467,86.5,0.8,5241,1001,3.1,0.6,518,217,0.3,0.1,18557,902,10.9,0.5,196,140,0.1,0.1,2092,495,1.2,0.3,170176,629,170176,(X),5284,887,3.1,0.5,635,231,0.4,0.1,1359,399,0.8,0.2,186,151,0.1,0.1,3104,747,1.8,0.4,164892,1176,96.9,0.5,140596,1552,82.6,0.8,4371,959,2.6,0.6,162,114,0.1,0.1,16374,958,9.6,0.6,20,32,0.0,0.1,350,157,0.2,0.1,3019,487,1.8,0.3,517,196,0.3,0.1,2502,446,1.5,0.3,67949,824,(X),(X)
30,610U400US25031,25031,Bristol & Norfolk ,158059,896,158059,(X),77437,903,49.0,0.5,80622,1044,51.0,0.5,7581,524,4.8,0.3,10636,705,6.7,0.5,12040,578,7.6,0.4,11589,725,7.3,0.5,9214,632,5.8,0.4,15579,890,9.9,0.6,21046,710,13.3,0.4,28044,966,17.7,0.6,12699,722,8.0,0.5,9396,628,5.9,0.4,11325,589,7.2,0.4,5925,470,3.7,0.3,2985,383,1.9,0.2,41.6,0.4,(X),(X),120094,988,76.0,0.5,114306,1050,72.3,0.5,25685,836,16.3,0.5,20235,711,12.8,0.4,120094,988,120094,(X),58466,850,48.7,0.6,61628,907,51.3,0.6,20235,711,20235,(X),9074,396,44.8,1.4,11161,526,55.2,1.4,158059,896,158059,(X),155441,953,98.3,0.3,2618,487,1.7,0.3,155441,953,98.3,0.3,143484,1570,90.8,0.8,3784,889,2.4,0.6,119,58,0.1,0.1,0,29,0.0,0.1,0,29,0.0,0.1,0,29,0.0,0.1,0,29,0.0,0.1,6798,757,4.3,0.5,2925,605,1.9,0.4,1274,388,0.8,0.2,362,217,0.2,0.1,62,46,0.0,0.1,239,132,0.2,0.1,385,232,0.2,0.1,1551,558,1.0,0.4,44,70,0.0,0.1,0,29,0.0,0.1,44,70,0.0,0.1,0,29,0.0,0.1,0,29,0.0,0.1,1212,386,0.8,0.2,2618,487,1.7,0.3,809,309,0.5,0.2,299,118,0.2,0.1,679,268,0.4,0.2,77,65,0.0,0.1,158059,896,158059,(X),145562,1549,92.1,0.8,5099,971,3.2,0.6,737,217,0.5,0.1,7864,826,5.0,0.5,132,91,0.1,0.1,1510,433,1.0,0.3,158059,896,158059,(X),4336,611,2.7,0.4,397,173,0.3,0.1,1263,360,0.8,0.2,43,38,0.0,0.1,2633,506,1.7,0.3,153723,1131,97.3,0.4,140767,1560,89.1,0.8,3420,839,2.2,0.5,76,45,0.0,0.1,6784,759,4.3,0.5,44,70,0.0,0.1,146,85,0.1,0.1,2486,453,1.6,0.3,207,120,0.1,0.1,2279,429,1.4,0.3,59111,654,(X),(X)
31,610U400US25032,25032,"Norfolk, Bristol & Plymouth ",160142,892,160142,(X),76432,941,47.7,0.5,83710,1008,52.3,0.5,8480,524,5.3,0.3,10007,631,6.2,0.4,10773,729,6.7,0.5,11128,772,6.9,0.5,8748,623,5.5,0.4,17134,930,10.7,0.6,22012,818,13.7,0.5,24292,735,15.2,0.5,11992,689,7.5,0.4,10134,676,6.3,0.4,13492,570,8.4,0.4,7898,533,4.9,0.3,4052,338,2.5,0.2,41.7,0.6,(X),(X),124123,1037,77.5,0.5,117848,1113,73.6,0.6,31365,908,19.6,0.6,25442,715,15.9,0.4,124123,1037,124123,(X),58383,837,47.0,0.6,65740,887,53.0,0.6,25442,715,25442,(X),10813,431,42.5,1.2,14629,510,57.5,1.2,160142,892,160142,(X),157075,994,98.1,0.3,3067,504,1.9,0.3,157075,994,98.1,0.3,119210,1589,74.4,0.8,25068,1147,15.7,0.7,191,142,0.1,0.1,0,29,0.0,0.1,13,23,0.0,0.1,0,29,0.0,0.1,0,29,0.0,0.1,10618,905,6.6,0.6,1614,504,1.0,0.3,4303,662,2.7,0.4,387,253,0.2,0.2,83,79,0.1,0.1,209,150,0.1,0.1,2902,592,1.8,0.4,1120,391,0.7,0.2,0,29,0.0,0.1,0,29,0.0,0.1,0,29,0.0,0.1,0,29,0.0,0.1,0,29,0.0,0.1,1988,497,1.2,0.3,3067,504,1.9,0.3,862,240,0.5,0.1,227,98,0.1,0.1,473,156,0.3,0.1,181,163,0.1,0.1,160142,892,160142,(X),121427,1577,75.8,0.8,26954,1115,16.8,0.7,790,247,0.5,0.2,11438,981,7.1,0.6,284,174,0.2,0.1,2816,536,1.8,0.3,160142,892,160142,(X),6727,878,4.2,0.6,433,191,0.3,0.1,2431,584,1.5,0.4,224,176,0.1,0.1,3639,708,2.3,0.4,153415,1285,95.8,0.6,115178,1563,71.9,0.8,24130,1141,15.1,0.7,151,139,0.1,0.1,10569,894,6.6,0.6,0,29,0.0,0.1,659,272,0.4,0.2,2728,457,1.7,0.3,536,179,0.3,0.1,2192,421,1.4,0.3,60510,716,(X),(X)
32,610U400US25033,25033,Norfolk & Plymouth ,162101,550,162101,(X),79030,1167,48.8,0.7,83071,1225,51.2,0.7,8999,666,5.6,0.4,8341,694,5.1,0.4,7783,574,4.8,0.4,8936,683,5.5,0.4,10111,672,6.2,0.4,26977,1064,16.6,0.6,21870,872,13.5,0.5,24619,878,15.2,0.5,11249,760,6.9,0.5,9256,648,5.7,0.4,12496,580,7.7,0.4,7607,513,4.7,0.3,3857,339,2.4,0.2,39.4,0.5,(X),(X),132058,816,81.5,0.5,126132,944,77.8,0.6,29030,756,17.9,0.5,23960,684,14.8,0.4,132058,816,132058,(X),63806,949,48.3,0.7,68252,1052,51.7,0.7,23960,684,23960,(X),9871,420,41.2,1.4,14089,541,58.8,1.4,162101,550,162101,(X),158692,648,97.9,0.3,3409,478,2.1,0.3,158692,648,97.9,0.3,121755,1717,75.1,1.0,8468,1185,5.2,0.7,259,110,0.2,0.1,55,60,0.0,0.1,0,29,0.0,0.1,0,29,0.0,0.1,0,29,0.0,0.1,26812,1182,16.5,0.7,3113,654,1.9,0.4,17701,1227,10.9,0.8,764,317,0.5,0.2,200,152,0.1,0.1,376,173,0.2,0.1,3366,771,2.1,0.5,1292,338,0.8,0.2,11,19,0.0,0.1,0,29,0.0,0.1,11,19,0.0,0.1,0,29,0.0,0.1,0,29,0.0,0.1,1387,414,0.9,0.3,3409,478,2.1,0.3,734,260,0.5,0.2,756,280,0.5,0.2,784,246,0.5,0.2,132,106,0.1,0.1,162101,550,162101,(X),124616,1783,76.9,1.1,9767,1232,6.0,0.8,1285,337,0.8,0.2,27873,1163,17.2,0.7,389,122,0.2,0.1,1867,500,1.2,0.3,162101,550,162101,(X),5016,813,3.1,0.5,576,226,0.4,0.1,1624,520,1.0,0.3,221,238,0.1,0.1,2595,606,1.6,0.4,157085,974,96.9,0.5,118339,1735,73.0,1.0,7983,1155,4.9,0.7,235,110,0.1,0.1,26763,1178,16.5,0.7,11,19,0.0,0.1,550,257,0.3,0.2,3204,474,2.0,0.3,336,181,0.2,0.1,2868,484,1.8,0.3,68799,700,(X),(X)
33,610U400US25034,25034,Plymouth & Norfolk ,165318,59,165318,(X),79697,1095,48.2,0.7,85621,1094,51.8,0.7,8856,541,5.4,0.3,10493,589,6.3,0.4,12761,701,7.7,0.4,10012,646,6.1,0.4,6903,499,4.2,0.3,15061,842,9.1,0.5,20521,776,12.4,0.5,28509,981,17.2,0.6,12886,686,7.8,0.4,11533,684,7.0,0.4,14608,608,8.8,0.4,9206,547,5.6,0.3,3969,428,2.4,0.3,44.1,0.5,(X),(X),126030,644,76.2,0.4,121827,782,73.7,0.5,34525,821,20.9,0.5,27783,612,16.8,0.4,126030,644,126030,(X),59212,920,47.0,0.6,66818,793,53.0,0.6,27783,612,27783,(X),11589,452,41.7,1.3,16194,519,58.3,1.3,165318,59,165318,(X),162413,526,98.2,0.3,2905,522,1.8,0.3,162413,526,98.2,0.3,154300,1265,93.3,0.8,2564,632,1.6,0.4,302,209,0.2,0.1,39,47,0.0,0.1,0,29,0.0,0.1,0,29,0.0,0.1,109,105,0.1,0.1,3875,749,2.3,0.5,571,231,0.3,0.1,1214,398,0.7,0.2,278,171,0.2,0.1,148,106,0.1,0.1,431,282,0.3,0.2,941,520,0.6,0.3,292,175,0.2,0.1,60,59,0.0,0.1,0,29,0.0,0.1,9,16,0.0,0.1,51,58,0.0,0.1,0,29,0.0,0.1,1312,438,0.8,0.3,2905,522,1.8,0.3,360,139,0.2,0.1,338,148,0.2,0.1,910,356,0.6,0.2,34,36,0.0,0.1,165318,59,165318,(X),156733,1183,94.8,0.7,3289,659,2.0,0.4,898,312,0.5,0.2,5298,885,3.2,0.5,774,337,0.5,0.2,1646,443,1.0,0.3,165318,59,165318,(X),2772,527,1.7,0.3,227,139,0.1,0.1,1073,314,0.6,0.2,55,58,0.0,0.1,1417,399,0.9,0.2,162546,530,98.3,0.3,152364,1242,92.2,0.7,2278,573,1.4,0.3,286,205,0.2,0.1,3875,749,2.3,0.5,51,58,0.0,0.1,969,424,0.6,0.3,2723,509,1.6,0.3,195,114,0.1,0.1,2528,489,1.5,0.3,69580,848,(X),(X)
34,610U400US25035,25035,Second Plymouth & Bristol ,162180,735,162180,(X),78651,844,48.5,0.5,83529,826,51.5,0.5,10832,635,6.7,0.4,11286,646,7.0,0.4,10898,619,6.7,0.4,12914,705,8.0,0.4,11204,586,6.9,0.4,18571,665,11.5,0.4,21273,717,13.1,0.4,25023,858,15.4,0.5,10317,571,6.4,0.4,9049,575,5.6,0.4,11864,519,7.3,0.3,6307,418,3.9,0.3,2642,327,1.6,0.2,37.9,0.6,(X),(X),121580,999,75.0,0.5,113597,913,70.0,0.5,26259,772,16.2,0.5,20813,594,12.8,0.4,121580,999,121580,(X),57635,849,47.4,0.5,63945,774,52.6,0.5,20813,594,20813,(X),8711,420,41.9,1.4,12102,397,58.1,1.4,162180,735,162180,(X),157151,976,96.9,0.4,5029,716,3.1,0.4,157151,976,96.9,0.4,110086,1450,67.9,0.8,37567,1149,23.2,0.7,264,125,0.2,0.1,11,15,0.0,0.1,0,29,0.0,0.1,0,29,0.0,0.1,0,29,0.0,0.1,2279,387,1.4,0.2,358,214,0.2,0.1,341,159,0.2,0.1,214,123,0.1,0.1,76,54,0.0,0.1,127,80,0.1,0.1,735,332,0.5,0.2,428,214,0.3,0.1,121,120,0.1,0.1,0,29,0.0,0.1,43,68,0.0,0.1,6,15,0.0,0.1,72,98,0.0,0.1,6834,1010,4.2,0.6,5029,716,3.1,0.4,1825,460,1.1,0.3,625,216,0.4,0.1,506,179,0.3,0.1,130,80,0.1,0.1,162180,735,162180,(X),113651,1511,70.1,0.8,40712,1131,25.1,0.7,1336,330,0.8,0.2,3132,439,1.9,0.3,596,243,0.4,0.1,8220,1046,5.1,0.6,162180,735,162180,(X),10958,854,6.8,0.5,758,365,0.5,0.2,5778,761,3.6,0.5,404,185,0.2,0.1,4018,769,2.5,0.5,151222,1093,93.2,0.5,104778,1449,64.6,0.8,35850,1081,22.1,0.7,150,78,0.1,0.1,2279,387,1.4,0.2,78,100,0.0,0.1,3806,782,2.3,0.5,4281,665,2.6,0.4,925,280,0.6,0.2,3356,580,2.1,0.4,60269,751,(X),(X)
35,610U400US25036,25036,First Plymouth & Bristol ,172433,77,172433,(X),84962,1050,49.3,0.6,87471,1051,50.7,0.6,8924,634,5.2,0.4,10086,834,5.8,0.5,10438,771,6.1,0.4,12161,920,7.1,0.5,11742,834,6.8,0.5,20044,947,11.6,0.5,21949,761,12.7,0.4,27924,1039,16.2,0.6,11863,697,6.9,0.4,11658,748,6.8,0.4,13865,595,8.0,0.3,8111,617,4.7,0.4,3668,459,2.1,0.3,41.6,0.6,(X),(X),136126,929,78.9,0.5,128216,1083,74.4,0.6,32192,907,18.7,0.5,25644,758,14.9,0.4,136126,929,136126,(X),65554,1165,48.2,0.7,70572,882,51.8,0.7,25644,758,25644,(X),11302,469,44.1,1.3,14342,560,55.9,1.3,172433,77,172433,(X),168390,677,97.7,0.4,4043,679,2.3,0.4,168390,677,97.7,0.4,155747,1342,90.3,0.8,6953,954,4.0,0.6,184,125,0.1,0.1,0,29,0.0,0.1,0,29,0.0,0.1,0,29,0.0,0.1,0,29,0.0,0.1,2140,532,1.2,0.3,438,208,0.3,0.1,626,329,0.4,0.2,163,129,0.1,0.1,11,21,0.0,0.1,275,204,0.2,0.1,130,111,0.1,0.1,497,295,0.3,0.2,65,111,0.0,0.1,0,29,0.0,0.1,0,29,0.0,0.1,0,29,0.0,0.1,65,111,0.0,0.1,3301,767,1.9,0.4,4043,679,2.3,0.4,1325,410,0.8,0.2,810,302,0.5,0.2,465,242,0.3,0.1,132,75,0.1,0.1,172433,77,172433,(X),159146,1447,92.3,0.8,8920,945,5.2,0.5,1209,339,0.7,0.2,2866,619,1.7,0.4,312,215,0.2,0.1,4284,861,2.5,0.5,172433,77,172433,(X),6332,808,3.7,0.5,442,167,0.3,0.1,4175,695,2.4,0.4,131,144,0.1,0.1,1584,383,0.9,0.2,166101,802,96.3,0.5,151653,1426,87.9,0.8,6648,956,3.9,0.6,14,22,0.0,0.1,2139,532,1.2,0.3,65,111,0.0,0.1,2091,597,1.2,0.3,3491,634,2.0,0.4,772,292,0.4,0.2,2719,580,1.6,0.3,70434,933,(X),(X)
36,610U400US25037,25037,First Bristol & Plymouth ,163908,83,163908,(X),77934,752,47.5,0.5,85974,746,52.5,0.5,8414,579,5.1,0.4,9623,733,5.9,0.4,9537,744,5.8,0.5,9501,637,5.8,0.4,10491,651,6.4,0.4,19663,817,12.0,0.5,22140,819,13.5,0.5,25260,980,15.4,0.6,11042,595,6.7,0.4,10314,672,6.3,0.4,15360,636,9.4,0.4,8317,465,5.1,0.3,4246,418,2.6,0.3,41.9,0.5,(X),(X),130162,798,79.4,0.5,124959,783,76.2,0.5,33592,779,20.5,0.5,27923,775,17.0,0.5,130162,798,130162,(X),60913,771,46.8,0.5,69249,710,53.2,0.5,27923,775,27923,(X),11535,414,41.3,1.1,16388,592,58.7,1.1,163908,83,163908,(X),159816,542,97.5,0.3,4092,540,2.5,0.3,159816,542,97.5,0.3,149292,1178,91.1,0.7,3940,711,2.4,0.4,175,137,0.1,0.1,37,60,0.0,0.1,0,29,0.0,0.1,0,29,0.0,0.1,0,29,0.0,0.1,2444,494,1.5,0.3,165,109,0.1,0.1,522,214,0.3,0.1,69,52,0.0,0.1,41,36,0.0,0.1,168,102,0.1,0.1,177,140,0.1,0.1,1302,402,0.8,0.2,94,117,0.1,0.1,0,29,0.0,0.1,0,29,0.0,0.1,0,29,0.0,0.1,94,117,0.1,0.1,3871,912,2.4,0.6,4092,540,2.5,0.3,915,267,0.6,0.2,1279,280,0.8,0.2,541,198,0.3,0.1,221,161,0.1,0.1,163908,83,163908,(X),152993,1219,93.3,0.7,5376,739,3.3,0.5,2007,444,1.2,0.3,3174,510,1.9,0.3,334,173,0.2,0.1,4504,964,2.7,0.6,163908,83,163908,(X),8304,1108,5.1,0.7,598,246,0.4,0.2,5870,1019,3.6,0.6,69,54,0.0,0.1,1767,426,1.1,0.3,155604,1099,94.9,0.7,144821,1237,88.4,0.8,3400,662,2.1,0.4,31,25,0.0,0.1,2444,494,1.5,0.3,94,117,0.1,0.1,1120,482,0.7,0.3,3694,484,2.3,0.3,372,188,0.2,0.1,3322,449,2.0,0.3,74581,872,(X),(X)
38,610U400US25039,25039,Plymouth & Barnstable ,160196,64,160196,(X),77218,884,48.2,0.6,82978,889,51.8,0.6,7312,533,4.6,0.3,9547,652,6.0,0.4,9811,562,6.1,0.4,9942,635,6.2,0.4,9023,558,5.6,0.3,14679,691,9.2,0.4,19159,642,12.0,0.4,26275,936,16.4,0.6,12574,709,7.8,0.4,11305,638,7.1,0.4,17071,650,10.7,0.4,9449,609,5.9,0.4,4049,432,2.5,0.3,45.3,0.4,(X),(X),127178,622,79.4,0.4,121750,758,76.0,0.5,37267,881,23.3,0.5,30569,770,19.1,0.5,127178,622,127178,(X),61009,719,48.0,0.5,66169,796,52.0,0.5,30569,770,30569,(X),13166,478,43.1,1.2,17403,576,56.9,1.2,160196,64,160196,(X),157129,524,98.1,0.3,3067,523,1.9,0.3,157129,524,98.1,0.3,149420,936,93.3,0.6,3388,641,2.1,0.4,487,206,0.3,0.1,39,47,0.0,0.1,0,29,0.0,0.1,0,29,0.0,0.1,0,29,0.0,0.1,2109,464,1.3,0.3,146,90,0.1,0.1,538,224,0.3,0.1,233,201,0.1,0.1,102,80,0.1,0.1,289,153,0.2,0.1,361,273,0.2,0.2,440,217,0.3,0.1,47,71,0.0,0.1,0,29,0.0,0.1,41,69,0.0,0.1,6,12,0.0,0.1,0,29,0.0,0.1,1678,328,1.0,0.2,3067,523,1.9,0.3,920,354,0.6,0.2,752,223,0.5,0.1,432,175,0.3,0.1,14,16,0.0,0.1,160196,64,160196,(X),152144,842,95.0,0.5,4700,748,2.9,0.5,1492,377,0.9,0.2,2686,463,1.7,0.3,47,71,0.0,0.1,2485,562,1.6,0.4,160196,64,160196,(X),3658,594,2.3,0.4,495,172,0.3,0.1,1241,394,0.8,0.2,219,185,0.1,0.1,1703,404,1.1,0.3,156538,605,97.7,0.4,147301,1075,92.0,0.7,3271,630,2.0,0.4,346,159,0.2,0.1,2109,464,1.3,0.3,47,71,0.0,0.1,986,250,0.6,0.2,2478,419,1.5,0.3,325,191,0.2,0.1,2153,382,1.3,0.2,79707,810,(X),(X)
39,610U400US25040,25040,Cape & Islands ,170566,42,170566,(X),81722,546,47.9,0.3,88844,547,52.1,0.3,7173,353,4.2,0.2,7051,456,4.1,0.3,7832,470,4.6,0.3,8608,447,5.0,0.3,7637,399,4.5,0.2,15418,528,9.0,0.3,17648,431,10.3,0.3,25236,592,14.8,0.3,14189,680,8.3,0.4,15142,661,8.9,0.4,23505,489,13.8,0.3,15384,509,9.0,0.3,5743,405,3.4,0.2,50.8,0.3,(X),(X),143513,487,84.1,0.3,138597,580,81.3,0.3,53918,848,31.6,0.5,44632,557,26.2,0.3,143513,487,143513,(X),67960,500,47.4,0.3,75553,499,52.6,0.3,44632,557,44632,(X),19448,333,43.6,0.5,25184,382,56.4,0.5,170566,42,170566,(X),167432,611,98.2,0.4,3134,612,1.8,0.4,167432,611,98.2,0.4,158609,931,93.0,0.5,4642,741,2.7,0.4,801,251,0.5,0.1,20,23,0.0,0.1,12,23,0.0,0.1,0,29,0.0,0.1,22,35,0.0,0.1,1788,346,1.0,0.2,380,233,0.2,0.1,566,196,0.3,0.1,55,54,0.0,0.1,19,20,0.0,0.1,201,148,0.1,0.1,52,53,0.0,0.1,515,288,0.3,0.2,0,29,0.0,0.1,0,29,0.0,0.1,0,29,0.0,0.1,0,29,0.0,0.1,0,29,0.0,0.1,1592,451,0.9,0.3,3134,612,1.8,0.4,935,334,0.5,0.2,884,227,0.5,0.1,283,152,0.2,0.1,87,75,0.1,0.1,170566,42,170566,(X),161429,965,94.6,0.6,6122,701,3.6,0.4,2161,409,1.3,0.2,2204,357,1.3,0.2,68,54,0.0,0.1,2180,558,1.3,0.3,170566,42,170566,(X),4457,524,2.6,0.3,675,352,0.4,0.2,1321,323,0.8,0.2,89,68,0.1,0.1,2372,530,1.4,0.3,166109,523,97.4,0.3,155339,806,91.1,0.5,4545,737,2.7,0.4,746,252,0.4,0.1,1788,346,1.0,0.2,0,29,0.0,0.1,921,282,0.5,0.2,2770,559,1.6,0.3,249,122,0.1,0.1,2521,536,1.5,0.3,147328,667,(X),(X)
