,Id,Geography,Estimate; SEX AND AGE - Total population,Margin of Error; SEX AND AGE - Total population,Percent; SEX AND AGE - Total population,Percent Margin of Error; SEX AND AGE - Total population,Estimate; SEX AND AGE - Total population - Male,Margin of Error; SEX AND AGE - Total population - Male,Percent; SEX AND AGE - Total population - Male,Percent Margin of Error; SEX AND AGE - Total population - Male,Estimate; SEX AND AGE - Total population - Female,Margin of Error; SEX AND AGE - Total population - Female,Percent; SEX AND AGE - Total population - Female,Percent Margin of Error; SEX AND AGE - Total population - Female,Estimate; SEX AND AGE - Under 5 years,Margin of Error; SEX AND AGE - Under 5 years,Percent; SEX AND AGE - Under 5 years,Percent Margin of Error; SEX AND AGE - Under 5 years,Estimate; SEX AND AGE - 5 to 9 years,Margin of Error; SEX AND AGE - 5 to 9 years,Percent; SEX AND AGE - 5 to 9 years,Percent Margin of Error; SEX AND AGE - 5 to 9 years,Estimate; SEX AND AGE - 10 to 14 years,Margin of Error; SEX AND AGE - 10 to 14 years,Percent; SEX AND AGE - 10 to 14 years,Percent Margin of Error; SEX AND AGE - 10 to 14 years,Estimate; SEX AND AGE - 15 to 19 years,Margin of Error; SEX AND AGE - 15 to 19 years,Percent; SEX AND AGE - 15 to 19 years,Percent Margin of Error; SEX AND AGE - 15 to 19 years,Estimate; SEX AND AGE - 20 to 24 years,Margin of Error; SEX AND AGE - 20 to 24 years,Percent; SEX AND AGE - 20 to 24 years,Percent Margin of Error; SEX AND AGE - 20 to 24 years,Estimate; SEX AND AGE - 25 to 34 years,Margin of Error; SEX AND AGE - 25 to 34 years,Percent; SEX AND AGE - 25 to 34 years,Percent Margin of Error; SEX AND AGE - 25 to 34 years,Estimate; SEX AND AGE - 35 to 44 years,Margin of Error; SEX AND AGE - 35 to 44 years,Percent; SEX AND AGE - 35 to 44 years,Percent Margin of Error; SEX AND AGE - 35 to 44 years,Estimate; SEX AND AGE - 45 to 54 years,Margin of Error; SEX AND AGE - 45 to 54 years,Percent; SEX AND AGE - 45 to 54 years,Percent Margin of Error; SEX AND AGE - 45 to 54 years,Estimate; SEX AND AGE - 55 to 59 years,Margin of Error; SEX AND AGE - 55 to 59 years,Percent; SEX AND AGE - 55 to 59 years,Percent Margin of Error; SEX AND AGE - 55 to 59 years,Estimate; SEX AND AGE - 60 to 64 years,Margin of Error; SEX AND AGE - 60 to 64 years,Percent; SEX AND AGE - 60 to 64 years,Percent Margin of Error; SEX AND AGE - 60 to 64 years,Estimate; SEX AND AGE - 65 to 74 years,Margin of Error; SEX AND AGE - 65 to 74 years,Percent; SEX AND AGE - 65 to 74 years,Percent Margin of Error; SEX AND AGE - 65 to 74 years,Estimate; SEX AND AGE - 75 to 84 years,Margin of Error; SEX AND AGE - 75 to 84 years,Percent; SEX AND AGE - 75 to 84 years,Percent Margin of Error; SEX AND AGE - 75 to 84 years,Estimate; SEX AND AGE - 85 years and over,Margin of Error; SEX AND AGE - 85 years and over,Percent; SEX AND AGE - 85 years and over,Percent Margin of Error; SEX AND AGE - 85 years and over,Estimate; SEX AND AGE - Median age (years),Margin of Error; SEX AND AGE - Median age (years),Percent; SEX AND AGE - Median age (years),Percent Margin of Error; SEX AND AGE - Median age (years),Estimate; SEX AND AGE - 18 years and over,Margin of Error; SEX AND AGE - 18 years and over,Percent; SEX AND AGE - 18 years and over,Percent Margin of Error; SEX AND AGE - 18 years and over,Estimate; SEX AND AGE - 21 years and over,Margin of Error; SEX AND AGE - 21 years and over,Percent; SEX AND AGE - 21 years and over,Percent Margin of Error; SEX AND AGE - 21 years and over,Estimate; SEX AND AGE - 62 years and over,Margin of Error; SEX AND AGE - 62 years and over,Percent; SEX AND AGE - 62 years and over,Percent Margin of Error; SEX AND AGE - 62 years and over,Estimate; SEX AND AGE - 65 years and over,Margin of Error; SEX AND AGE - 65 years and over,Percent; SEX AND AGE - 65 years and over,Percent Margin of Error; SEX AND AGE - 65 years and over,Estimate; SEX AND AGE - 18 years and over.1,Margin of Error; SEX AND AGE - 18 years and over.1,Percent; SEX AND AGE - 18 years and over.1,Percent Margin of Error; SEX AND AGE - 18 years and over.1,Estimate; SEX AND AGE - 18 years and over - Male,Margin of Error; SEX AND AGE - 18 years and over - Male,Percent; SEX AND AGE - 18 years and over - Male,Percent Margin of Error; SEX AND AGE - 18 years and over - Male,Estimate; SEX AND AGE - 18 years and over - Female,Margin of Error; SEX AND AGE - 18 years and over - Female,Percent; SEX AND AGE - 18 years and over - Female,Percent Margin of Error; SEX AND AGE - 18 years and over - Female,Estimate; SEX AND AGE - 65 years and over.1,Margin of Error; SEX AND AGE - 65 years and over.1,Percent; SEX AND AGE - 65 years and over.1,Percent Margin of Error; SEX AND AGE - 65 years and over.1,Estimate; SEX AND AGE - 65 years and over - Male,Margin of Error; SEX AND AGE - 65 years and over - Male,Percent; SEX AND AGE - 65 years and over - Male,Percent Margin of Error; SEX AND AGE - 65 years and over - Male,Estimate; SEX AND AGE - 65 years and over - Female,Margin of Error; SEX AND AGE - 65 years and over - Female,Percent; SEX AND AGE - 65 years and over - Female,Percent Margin of Error; SEX AND AGE - 65 years and over - Female,Estimate; RACE - Total population,Margin of Error; RACE - Total population,Percent; RACE - Total population,Percent Margin of Error; RACE - Total population,Estimate; RACE - Total population - One race,Margin of Error; RACE - Total population - One race,Percent; RACE - Total population - One race,Percent Margin of Error; RACE - Total population - One race,Estimate; RACE - Total population - Two or more races,Margin of Error; RACE - Total population - Two or more races,Percent; RACE - Total population - Two or more races,Percent Margin of Error; RACE - Total population - Two or more races,Estimate; RACE - One race,Margin of Error; RACE - One race,Percent; RACE - One race,Percent Margin of Error; RACE - One race,Estimate; RACE - One race - White,Margin of Error; RACE - One race - White,Percent; RACE - One race - White,Percent Margin of Error; RACE - One race - White,Estimate; RACE - One race - Black or African American,Margin of Error; RACE - One race - Black or African American,Percent; RACE - One race - Black or African American,Percent Margin of Error; RACE - One race - Black or African American,Estimate; RACE - One race - American Indian and Alaska Native,Margin of Error; RACE - One race - American Indian and Alaska Native,Percent; RACE - One race - American Indian and Alaska Native,Percent Margin of Error; RACE - One race - American Indian and Alaska Native,Estimate; RACE - One race - American Indian and Alaska Native - Cherokee tribal grouping,Margin of Error; RACE - One race - American Indian and Alaska Native - Cherokee tribal grouping,Percent; RACE - One race - American Indian and Alaska Native - Cherokee tribal grouping,Percent Margin of Error; RACE - One race - American Indian and Alaska Native - Cherokee tribal grouping,Estimate; RACE - One race - American Indian and Alaska Native - Chippewa tribal grouping,Margin of Error; RACE - One race - American Indian and Alaska Native - Chippewa tribal grouping,Percent; RACE - One race - American Indian and Alaska Native - Chippewa tribal grouping,Percent Margin of Error; RACE - One race - American Indian and Alaska Native - Chippewa tribal grouping,Estimate; RACE - One race - American Indian and Alaska Native - Navajo tribal grouping,Margin of Error; RACE - One race - American Indian and Alaska Native - Navajo tribal grouping,Percent; RACE - One race - American Indian and Alaska Native - Navajo tribal grouping,Percent Margin of Error; RACE - One race - American Indian and Alaska Native - Navajo tribal grouping,Estimate; RACE - One race - American Indian and Alaska Native - Sioux tribal grouping,Margin of Error; RACE - One race - American Indian and Alaska Native - Sioux tribal grouping,Percent; RACE - One race - American Indian and Alaska Native - Sioux tribal grouping,Percent Margin of Error; RACE - One race - American Indian and Alaska Native - Sioux tribal grouping,Estimate; RACE - One race - Asian,Margin of Error; RACE - One race - Asian,Percent; RACE - One race - Asian,Percent Margin of Error; RACE - One race - Asian,Estimate; RACE - One race - Asian - Asian Indian,Margin of Error; RACE - One race - Asian - Asian Indian,Percent; RACE - One race - Asian - Asian Indian,Percent Margin of Error; RACE - One race - Asian - Asian Indian,Estimate; RACE - One race - Asian - Chinese,Margin of Error; RACE - One race - Asian - Chinese,Percent; RACE - One race - Asian - Chinese,Percent Margin of Error; RACE - One race - Asian - Chinese,Estimate; RACE - One race - Asian - Filipino,Margin of Error; RACE - One race - Asian - Filipino,Percent; RACE - One race - Asian - Filipino,Percent Margin of Error; RACE - One race - Asian - Filipino,Estimate; RACE - One race - Asian - Japanese,Margin of Error; RACE - One race - Asian - Japanese,Percent; RACE - One race - Asian - Japanese,Percent Margin of Error; RACE - One race - Asian - Japanese,Estimate; RACE - One race - Asian - Korean,Margin of Error; RACE - One race - Asian - Korean,Percent; RACE - One race - Asian - Korean,Percent Margin of Error; RACE - One race - Asian - Korean,Estimate; RACE - One race - Asian - Vietnamese,Margin of Error; RACE - One race - Asian - Vietnamese,Percent; RACE - One race - Asian - Vietnamese,Percent Margin of Error; RACE - One race - Asian - Vietnamese,Estimate; RACE - One race - Asian - Other Asian,Margin of Error; RACE - One race - Asian - Other Asian,Percent; RACE - One race - Asian - Other Asian,Percent Margin of Error; RACE - One race - Asian - Other Asian,Estimate; RACE - One race - Native Hawaiian and Other Pacific Islander,Margin of Error; RACE - One race - Native Hawaiian and Other Pacific Islander,Percent; RACE - One race - Native Hawaiian and Other Pacific Islander,Percent Margin of Error; RACE - One race - Native Hawaiian and Other Pacific Islander,Estimate; RACE - One race - Native Hawaiian and Other Pacific Islander - Native Hawaiian,Margin of Error; RACE - One race - Native Hawaiian and Other Pacific Islander - Native Hawaiian,Percent; RACE - One race - Native Hawaiian and Other Pacific Islander - Native Hawaiian,Percent Margin of Error; RACE - One race - Native Hawaiian and Other Pacific Islander - Native Hawaiian,Estimate; RACE - One race - Native Hawaiian and Other Pacific Islander - Guamanian or Chamorro,Margin of Error; RACE - One race - Native Hawaiian and Other Pacific Islander - Guamanian or Chamorro,Percent; RACE - One race - Native Hawaiian and Other Pacific Islander - Guamanian or Chamorro,Percent Margin of Error; RACE - One race - Native Hawaiian and Other Pacific Islander - Guamanian or Chamorro,Estimate; RACE - One race - Native Hawaiian and Other Pacific Islander - Samoan,Margin of Error; RACE - One race - Native Hawaiian and Other Pacific Islander - Samoan,Percent; RACE - One race - Native Hawaiian and Other Pacific Islander - Samoan,Percent Margin of Error; RACE - One race - Native Hawaiian and Other Pacific Islander - Samoan,Estimate; RACE - One race - Native Hawaiian and Other Pacific Islander - Other Pacific Islander,Margin of Error; RACE - One race - Native Hawaiian and Other Pacific Islander - Other Pacific Islander,Percent; RACE - One race - Native Hawaiian and Other Pacific Islander - Other Pacific Islander,Percent Margin of Error; RACE - One race - Native Hawaiian and Other Pacific Islander - Other Pacific Islander,Estimate; RACE - One race - Some other race,Margin of Error; RACE - One race - Some other race,Percent; RACE - One race - Some other race,Percent Margin of Error; RACE - One race - Some other race,Estimate; RACE - Two or more races,Margin of Error; RACE - Two or more races,Percent; RACE - Two or more races,Percent Margin of Error; RACE - Two or more races,Estimate; RACE - Two or more races - White and Black or African American,Margin of Error; RACE - Two or more races - White and Black or African American,Percent; RACE - Two or more races - White and Black or African American,Percent Margin of Error; RACE - Two or more races - White and Black or African American,Estimate; RACE - Two or more races - White and American Indian and Alaska Native,Margin of Error; RACE - Two or more races - White and American Indian and Alaska Native,Percent; RACE - Two or more races - White and American Indian and Alaska Native,Percent Margin of Error; RACE - Two or more races - White and American Indian and Alaska Native,Estimate; RACE - Two or more races - White and Asian,Margin of Error; RACE - Two or more races - White and Asian,Percent; RACE - Two or more races - White and Asian,Percent Margin of Error; RACE - Two or more races - White and Asian,Estimate; RACE - Two or more races - Black or African American and American Indian and Alaska Native,Margin of Error; RACE - Two or more races - Black or African American and American Indian and Alaska Native,Percent; RACE - Two or more races - Black or African American and American Indian and Alaska Native,Percent Margin of Error; RACE - Two or more races - Black or African American and American Indian and Alaska Native,Estimate; RACE - Race alone or in combination with one or more other races - Total population,Margin of Error; RACE - Race alone or in combination with one or more other races - Total population,Percent; RACE - Race alone or in combination with one or more other races - Total population,Percent Margin of Error; RACE - Race alone or in combination with one or more other races - Total population,Estimate; RACE - Race alone or in combination with one or more other races - Total population - White,Margin of Error; RACE - Race alone or in combination with one or more other races - Total population - White,Percent; RACE - Race alone or in combination with one or more other races - Total population - White,Percent Margin of Error; RACE - Race alone or in combination with one or more other races - Total population - White,Estimate; RACE - Race alone or in combination with one or more other races - Total population - Black or African American,Margin of Error; RACE - Race alone or in combination with one or more other races - Total population - Black or African American,Percent; RACE - Race alone or in combination with one or more other races - Total population - Black or African American,Percent Margin of Error; RACE - Race alone or in combination with one or more other races - Total population - Black or African American,Estimate; RACE - Race alone or in combination with one or more other races - Total population - American Indian and Alaska Native,Margin of Error; RACE - Race alone or in combination with one or more other races - Total population - American Indian and Alaska Native,Percent; RACE - Race alone or in combination with one or more other races - Total population - American Indian and Alaska Native,Percent Margin of Error; RACE - Race alone or in combination with one or more other races - Total population - American Indian and Alaska Native,Estimate; RACE - Race alone or in combination with one or more other races - Total population - Asian,Margin of Error; RACE - Race alone or in combination with one or more other races - Total population - Asian,Percent; RACE - Race alone or in combination with one or more other races - Total population - Asian,Percent Margin of Error; RACE - Race alone or in combination with one or more other races - Total population - Asian,Estimate; RACE - Race alone or in combination with one or more other races - Total population - Native Hawaiian and Other Pacific Islander,Margin of Error; RACE - Race alone or in combination with one or more other races - Total population - Native Hawaiian and Other Pacific Islander,Percent; RACE - Race alone or in combination with one or more other races - Total population - Native Hawaiian and Other Pacific Islander,Percent Margin of Error; RACE - Race alone or in combination with one or more other races - Total population - Native Hawaiian and Other Pacific Islander,Estimate; RACE - Race alone or in combination with one or more other races - Total population - Some other race,Margin of Error; RACE - Race alone or in combination with one or more other races - Total population - Some other race,Percent; RACE - Race alone or in combination with one or more other races - Total population - Some other race,Percent Margin of Error; RACE - Race alone or in combination with one or more other races - Total population - Some other race,Estimate; HISPANIC OR LATINO AND RACE - Total population,Margin of Error; HISPANIC OR LATINO AND RACE - Total population,Percent; HISPANIC OR LATINO AND RACE - Total population,Percent Margin of Error; HISPANIC OR LATINO AND RACE - Total population,Estimate; HISPANIC OR LATINO AND RACE - Total population - Hispanic or Latino (of any race),Margin of Error; HISPANIC OR LATINO AND RACE - Total population - Hispanic or Latino (of any race),Percent; HISPANIC OR LATINO AND RACE - Total population - Hispanic or Latino (of any race),Percent Margin of Error; HISPANIC OR LATINO AND RACE - Total population - Hispanic or Latino (of any race),Estimate; HISPANIC OR LATINO AND RACE - Total population - Hispanic or Latino (of any race) - Mexican,Margin of Error; HISPANIC OR LATINO AND RACE - Total population - Hispanic or Latino (of any race) - Mexican,Percent; HISPANIC OR LATINO AND RACE - Total population - Hispanic or Latino (of any race) - Mexican,Percent Margin of Error; HISPANIC OR LATINO AND RACE - Total population - Hispanic or Latino (of any race) - Mexican,Estimate; HISPANIC OR LATINO AND RACE - Total population - Hispanic or Latino (of any race) - Puerto Rican,Margin of Error; HISPANIC OR LATINO AND RACE - Total population - Hispanic or Latino (of any race) - Puerto Rican,Percent; HISPANIC OR LATINO AND RACE - Total population - Hispanic or Latino (of any race) - Puerto Rican,Percent Margin of Error; HISPANIC OR LATINO AND RACE - Total population - Hispanic or Latino (of any race) - Puerto Rican,Estimate; HISPANIC OR LATINO AND RACE - Total population - Hispanic or Latino (of any race) - Cuban,Margin of Error; HISPANIC OR LATINO AND RACE - Total population - Hispanic or Latino (of any race) - Cuban,Percent; HISPANIC OR LATINO AND RACE - Total population - Hispanic or Latino (of any race) - Cuban,Percent Margin of Error; HISPANIC OR LATINO AND RACE - Total population - Hispanic or Latino (of any race) - Cuban,Estimate; HISPANIC OR LATINO AND RACE - Total population - Hispanic or Latino (of any race) - Other Hispanic or Latino,Margin of Error; HISPANIC OR LATINO AND RACE - Total population - Hispanic or Latino (of any race) - Other Hispanic or Latino,Percent; HISPANIC OR LATINO AND RACE - Total population - Hispanic or Latino (of any race) - Other Hispanic or Latino,Percent Margin of Error; HISPANIC OR LATINO AND RACE - Total population - Hispanic or Latino (of any race) - Other Hispanic or Latino,Estimate; HISPANIC OR LATINO AND RACE - Total population - Not Hispanic or Latino,Margin of Error; HISPANIC OR LATINO AND RACE - Total population - Not Hispanic or Latino,Percent; HISPANIC OR LATINO AND RACE - Total population - Not Hispanic or Latino,Percent Margin of Error; HISPANIC OR LATINO AND RACE - Total population - Not Hispanic or Latino,Estimate; HISPANIC OR LATINO AND RACE - Total population - Not Hispanic or Latino - White alone,Margin of Error; HISPANIC OR LATINO AND RACE - Total population - Not Hispanic or Latino - White alone,Percent; HISPANIC OR LATINO AND RACE - Total population - Not Hispanic or Latino - White alone,Percent Margin of Error; HISPANIC OR LATINO AND RACE - Total population - Not Hispanic or Latino - White alone,Estimate; HISPANIC OR LATINO AND RACE - Total population - Not Hispanic or Latino - Black or African American alone,Margin of Error; HISPANIC OR LATINO AND RACE - Total population - Not Hispanic or Latino - Black or African American alone,Percent; HISPANIC OR LATINO AND RACE - Total population - Not Hispanic or Latino - Black or African American alone,Percent Margin of Error; HISPANIC OR LATINO AND RACE - Total population - Not Hispanic or Latino - Black or African American alone,Estimate; HISPANIC OR LATINO AND RACE - Total population - Not Hispanic or Latino - American Indian and Alaska Native alone,Margin of Error; HISPANIC OR LATINO AND RACE - Total population - Not Hispanic or Latino - American Indian and Alaska Native alone,Percent; HISPANIC OR LATINO AND RACE - Total population - Not Hispanic or Latino - American Indian and Alaska Native alone,Percent Margin of Error; HISPANIC OR LATINO AND RACE - Total population - Not Hispanic or Latino - American Indian and Alaska Native alone,Estimate; HISPANIC OR LATINO AND RACE - Total population - Not Hispanic or Latino - Asian alone,Margin of Error; HISPANIC OR LATINO AND RACE - Total population - Not Hispanic or Latino - Asian alone,Percent; HISPANIC OR LATINO AND RACE - Total population - Not Hispanic or Latino - Asian alone,Percent Margin of Error; HISPANIC OR LATINO AND RACE - Total population - Not Hispanic or Latino - Asian alone,Estimate; HISPANIC OR LATINO AND RACE - Total population - Not Hispanic or Latino - Native Hawaiian and Other Pacific Islander alone,Margin of Error; HISPANIC OR LATINO AND RACE - Total population - Not Hispanic or Latino - Native Hawaiian and Other Pacific Islander alone,Percent; HISPANIC OR LATINO AND RACE - Total population - Not Hispanic or Latino - Native Hawaiian and Other Pacific Islander alone,Percent Margin of Error; HISPANIC OR LATINO AND RACE - Total population - Not Hispanic or Latino - Native Hawaiian and Other Pacific Islander alone,Estimate; HISPANIC OR LATINO AND RACE - Total population - Not Hispanic or Latino - Some other race alone,Margin of Error; HISPANIC OR LATINO AND RACE - Total population - Not Hispanic or Latino - Some other race alone,Percent; HISPANIC OR LATINO AND RACE - Total population - Not Hispanic or Latino - Some other race alone,Percent Margin of Error; HISPANIC OR LATINO AND RACE - Total population - Not Hispanic or Latino - Some other race alone,Estimate; HISPANIC OR LATINO AND RACE - Total population - Not Hispanic or Latino - Two or more races,Margin of Error; HISPANIC OR LATINO AND RACE - Total population - Not Hispanic or Latino - Two or more races,Percent; HISPANIC OR LATINO AND RACE - Total population - Not Hispanic or Latino - Two or more races,Percent Margin of Error; HISPANIC OR LATINO AND RACE - Total population - Not Hispanic or Latino - Two or more races,Estimate; HISPANIC OR LATINO AND RACE - Total population - Not Hispanic or Latino - Two or more races - Two races including Some other race,Margin of Error; HISPANIC OR LATINO AND RACE - Total population - Not Hispanic or Latino - Two or more races - Two races including Some other race,Percent; HISPANIC OR LATINO AND RACE - Total population - Not Hispanic or Latino - Two or more races - Two races including Some other race,Percent Margin of Error; HISPANIC OR LATINO AND RACE - Total population - Not Hispanic or Latino - Two or more races - Two races including Some other race,"Estimate; HISPANIC OR LATINO AND RACE - Total population - Not Hispanic or Latino - Two or more races - Two races excluding Some other race, and Three or more races","Margin of Error; HISPANIC OR LATINO AND RACE - Total population - Not Hispanic or Latino - Two or more races - Two races excluding Some other race, and Three or more races","Percent; HISPANIC OR LATINO AND RACE - Total population - Not Hispanic or Latino - Two or more races - Two races excluding Some other race, and Three or more races","Percent Margin of Error; HISPANIC OR LATINO AND RACE - Total population - Not Hispanic or Latino - Two or more races - Two races excluding Some other race, and Three or more races",Estimate; HISPANIC OR LATINO AND RACE - Total housing units,Margin of Error; HISPANIC OR LATINO AND RACE - Total housing units,Percent; HISPANIC OR LATINO AND RACE - Total housing units,Percent Margin of Error; HISPANIC OR LATINO AND RACE - Total housing units,Estimate; Total:,Margin of Error; Total:,"Estimate; Total: - Less than $10,000","Margin of Error; Total: - Less than $10,000","Estimate; Total: - $10,000 to $14,999","Margin of Error; Total: - $10,000 to $14,999","Estimate; Total: - $15,000 to $19,999","Margin of Error; Total: - $15,000 to $19,999","Estimate; Total: - $20,000 to $24,999","Margin of Error; Total: - $20,000 to $24,999","Estimate; Total: - $25,000 to $29,999","Margin of Error; Total: - $25,000 to $29,999","Estimate; Total: - $30,000 to $34,999","Margin of Error; Total: - $30,000 to $34,999","Estimate; Total: - $35,000 to $39,999","Margin of Error; Total: - $35,000 to $39,999","Estimate; Total: - $40,000 to $44,999","Margin of Error; Total: - $40,000 to $44,999","Estimate; Total: - $45,000 to $49,999","Margin of Error; Total: - $45,000 to $49,999","Estimate; Total: - $50,000 to $59,999","Margin of Error; Total: - $50,000 to $59,999","Estimate; Total: - $60,000 to $74,999","Margin of Error; Total: - $60,000 to $74,999","Estimate; Total: - $75,000 to $99,999","Margin of Error; Total: - $75,000 to $99,999","Estimate; Total: - $100,000 to $124,999","Margin of Error; Total: - $100,000 to $124,999","Estimate; Total: - $125,000 to $149,999","Margin of Error; Total: - $125,000 to $149,999","Estimate; Total: - $150,000 to $199,999","Margin of Error; Total: - $150,000 to $199,999","Estimate; Total: - $200,000 or more","Margin of Error; Total: - $200,000 or more"
0,610U300US25001,First Suffolk,167180,3118,167180,(X),79421,1896,47.5,0.7,87759,1942,52.5,0.7,9262,696,5.5,0.4,9015,651,5.4,0.4,9535,687,5.7,0.4,11362,719,6.8,0.4,14884,915,8.9,0.5,34784,1403,20.8,0.7,22921,917,13.7,0.5,21253,961,12.7,0.6,9563,634,5.7,0.4,7966,629,4.8,0.4,9376,525,5.6,0.3,5038,405,3.0,0.2,2221,243,1.3,0.1,33.0,0.5,(X),(X),132250,2417,79.1,0.6,125750,2248,75.2,0.7,21154,820,12.7,0.5,16635,668,10.0,0.4,132250,2417,132250,(X),61573,1689,46.6,0.8,70677,1593,53.4,0.8,16635,668,16635,(X),6641,450,39.9,2.0,9994,495,60.1,2.0,167180,3118,167180,(X),161977,3069,96.9,0.5,5203,851,3.1,0.5,161977,3069,96.9,0.5,62906,1821,37.6,0.9,69523,2279,41.6,1.1,618,237,0.4,0.1,12,17,0.0,0.1,0,29,0.0,0.1,0,29,0.0,0.1,0,29,0.0,0.1,14020,1094,8.4,0.7,878,308,0.5,0.2,2294,537,1.4,0.3,242,140,0.1,0.1,22,21,0.0,0.1,158,79,0.1,0.1,9704,1129,5.8,0.7,722,276,0.4,0.2,166,231,0.1,0.1,0,29,0.0,0.1,0,29,0.0,0.1,0,29,0.0,0.1,166,231,0.1,0.1,14744,1269,8.8,0.7,5203,851,3.1,0.5,1318,434,0.8,0.3,321,169,0.2,0.1,683,505,0.4,0.3,507,306,0.3,0.2,167180,3118,167180,(X),66141,2128,39.6,1.0,73090,2166,43.7,1.1,1799,423,1.1,0.3,15268,1194,9.1,0.7,404,276,0.2,0.2,16319,1324,9.8,0.8,167180,3118,167180,(X),21483,1477,12.9,0.8,620,184,0.4,0.1,7757,1031,4.6,0.6,153,113,0.1,0.1,12953,1229,7.7,0.7,145697,2574,87.1,0.8,57318,1620,34.3,0.8,65103,2005,38.9,1.0,422,204,0.3,0.1,13996,1096,8.4,0.7,0,29,0.0,0.1,4759,733,2.8,0.4,4099,775,2.5,0.5,727,265,0.4,0.2,3372,740,2.0,0.4,68297,631,(X),(X),61666,831,6451,528,4166,420,3418,419,2429,326,2435,290,2400,326,2232,346,2435,304,2842,423,4680,424,5506,551,7433,587,5176,528,3694,416,3674,390,2695,352
1,610U300US25002,Second Suffolk,160765,2588,160765,(X),77211,1798,48.0,0.8,83554,1762,52.0,0.8,9876,581,6.1,0.3,8822,713,5.5,0.4,8623,588,5.4,0.4,10523,683,6.5,0.4,19917,1041,12.4,0.6,30999,1225,19.3,0.7,20798,885,12.9,0.5,19787,816,12.3,0.5,8385,578,5.2,0.4,7667,588,4.8,0.4,8640,471,5.4,0.3,4700,362,2.9,0.2,2028,263,1.3,0.2,31.7,0.4,(X),(X),127980,2035,79.6,0.6,118702,1886,73.8,0.7,19501,755,12.1,0.5,15368,573,9.6,0.4,127980,2035,127980,(X),60595,1588,47.3,0.9,67385,1413,52.7,0.9,15368,573,15368,(X),6311,363,41.1,1.7,9057,417,58.9,1.7,160765,2588,160765,(X),154830,2627,96.3,0.4,5935,702,3.7,0.4,154830,2627,96.3,0.4,61686,1775,38.4,1.0,62239,2015,38.7,1.1,581,261,0.4,0.2,38,39,0.0,0.1,0,29,0.0,0.1,0,29,0.0,0.1,0,29,0.0,0.1,9776,770,6.1,0.5,1918,412,1.2,0.3,4835,531,3.0,0.3,185,92,0.1,0.1,259,122,0.2,0.1,904,328,0.6,0.2,503,201,0.3,0.1,1172,380,0.7,0.2,35,37,0.0,0.1,0,29,0.0,0.1,0,29,0.0,0.1,16,25,0.0,0.1,19,28,0.0,0.1,20513,1536,12.8,0.9,5935,702,3.7,0.4,1456,418,0.9,0.3,249,123,0.2,0.1,951,243,0.6,0.2,410,178,0.3,0.1,160765,2588,160765,(X),65770,1801,40.9,1.0,65728,2109,40.9,1.1,1567,378,1.0,0.2,10974,831,6.8,0.5,280,142,0.2,0.1,22919,1609,14.3,1.0,160765,2588,160765,(X),38758,1435,24.1,0.9,1151,303,0.7,0.2,13407,1274,8.3,0.8,1049,306,0.7,0.2,23151,1655,14.4,1.0,122007,2530,75.9,0.9,50015,1430,31.1,0.8,56261,1853,35.0,0.9,413,223,0.3,0.1,9706,775,6.0,0.5,35,37,0.0,0.1,2162,522,1.3,0.3,3415,475,2.1,0.3,765,270,0.5,0.2,2650,422,1.6,0.3,68874,699,(X),(X),63426,821,9420,533,5568,457,3662,411,2965,450,2350,359,2682,364,2308,306,2675,336,2224,329,4031,386,5001,500,5724,489,4644,436,3063,402,3105,324,4004,372
2,610U300US25003,Hampden,156963,1367,156963,(X),75341,960,48.0,0.5,81622,1098,52.0,0.5,11739,490,7.5,0.3,10635,675,6.8,0.4,12888,717,8.2,0.4,13340,685,8.5,0.4,13013,720,8.3,0.5,21680,802,13.8,0.5,19462,684,12.4,0.4,19855,712,12.6,0.5,8664,656,5.5,0.4,7816,556,5.0,0.4,9081,485,5.8,0.3,5973,440,3.8,0.3,2817,300,1.8,0.2,32.5,0.5,(X),(X),113915,1029,72.6,0.6,105872,1047,67.5,0.6,22290,733,14.2,0.5,17871,568,11.4,0.4,113915,1029,113915,(X),53156,875,46.7,0.6,60759,819,53.3,0.6,17871,568,17871,(X),7290,356,40.8,1.5,10581,417,59.2,1.5,156963,1367,156963,(X),151142,1540,96.3,0.5,5821,791,3.7,0.5,151142,1540,96.3,0.5,86709,2267,55.2,1.3,29515,1055,18.8,0.7,1162,401,0.7,0.3,170,188,0.1,0.1,0,29,0.0,0.1,2,3,0.0,0.1,0,29,0.0,0.1,3697,624,2.4,0.4,556,234,0.4,0.1,407,192,0.3,0.1,107,75,0.1,0.1,5,8,0.0,0.1,51,78,0.0,0.1,1384,422,0.9,0.3,1187,428,0.8,0.3,14,18,0.0,0.1,14,18,0.0,0.1,0,29,0.0,0.1,0,29,0.0,0.1,0,29,0.0,0.1,30045,1826,19.1,1.1,5821,791,3.7,0.5,2459,556,1.6,0.4,455,175,0.3,0.1,224,126,0.1,0.1,202,132,0.1,0.1,156963,1367,156963,(X),90836,2300,57.9,1.3,33647,1176,21.4,0.7,2070,496,1.3,0.3,4324,658,2.8,0.4,148,110,0.1,0.1,32073,1838,20.4,1.1,156963,1367,156963,(X),61896,1417,39.4,0.8,2325,797,1.5,0.5,50686,1937,32.3,1.2,327,171,0.2,0.1,8558,1267,5.5,0.8,95067,1592,60.6,0.8,61485,1508,39.2,0.9,25783,844,16.4,0.5,382,185,0.2,0.1,3682,624,2.3,0.4,14,18,0.0,0.1,768,331,0.5,0.2,2953,518,1.9,0.3,314,205,0.2,0.1,2639,455,1.7,0.3,65350,767,(X),(X),59040,807,8614,605,5966,456,5399,488,4045,454,3302,366,3761,406,3043,447,2684,352,2271,311,3694,468,5151,509,5222,517,3080,313,1178,235,1006,220,624,138
3,610U300US25004,"Berkshire, Hampshire, Franklin & Hampden",155012,402,155012,(X),74516,303,48.1,0.2,80496,320,51.9,0.2,7026,120,4.5,0.1,7924,432,5.1,0.3,8292,429,5.3,0.3,10731,253,6.9,0.2,9466,277,6.1,0.2,15190,315,9.8,0.2,17706,243,11.4,0.1,24985,243,16.1,0.2,13044,469,8.4,0.3,11642,483,7.5,0.3,14941,204,9.6,0.1,9210,366,5.9,0.2,4855,365,3.1,0.2,45.6,0.2,(X),(X),125698,353,81.1,0.1,118717,515,76.6,0.3,35658,452,23.0,0.3,29006,225,18.7,0.1,125698,353,125698,(X),59771,283,47.6,0.2,65927,264,52.4,0.2,29006,225,29006,(X),12434,134,42.9,0.4,16572,184,57.1,0.4,155012,402,155012,(X),151467,545,97.7,0.3,3545,389,2.3,0.3,151467,545,97.7,0.3,144547,604,93.2,0.3,3566,291,2.3,0.2,332,125,0.2,0.1,7,15,0.0,0.1,4,7,0.0,0.1,0,29,0.0,0.1,28,32,0.0,0.1,1814,148,1.2,0.1,175,95,0.1,0.1,607,139,0.4,0.1,235,133,0.2,0.1,104,67,0.1,0.1,256,109,0.2,0.1,135,127,0.1,0.1,302,169,0.2,0.1,42,58,0.0,0.1,11,18,0.0,0.1,0,29,0.0,0.1,29,53,0.0,0.1,2,3,0.0,0.1,1166,418,0.8,0.3,3545,389,2.3,0.3,1205,270,0.8,0.2,567,143,0.4,0.1,591,133,0.4,0.1,83,64,0.1,0.1,155012,402,155012,(X),147725,666,95.3,0.3,5394,281,3.5,0.2,1165,172,0.8,0.1,2623,126,1.7,0.1,376,223,0.2,0.1,1735,431,1.1,0.3,155012,402,155012,(X),5111,126,3.3,0.1,623,229,0.4,0.1,2217,370,1.4,0.2,162,74,0.1,0.1,2109,384,1.4,0.2,149901,418,96.7,0.1,141105,572,91.0,0.2,3522,289,2.3,0.2,275,109,0.2,0.1,1814,148,1.2,0.1,42,58,0.0,0.1,335,306,0.2,0.2,2808,298,1.8,0.2,159,85,0.1,0.1,2649,292,1.7,0.2,80830,326,(X),(X),65730,696,4148,388,4530,399,4168,446,3641,386,3392,327,3612,430,2898,318,3381,394,2719,291,5253,451,6794,425,8345,445,4868,362,3099,327,2524,250,2358,237
4,610U300US25005,Second Hampden & Hampshire,157849,744,157849,(X),76152,794,48.2,0.4,81697,715,51.8,0.4,8877,554,5.6,0.3,8901,628,5.6,0.4,9890,539,6.3,0.3,10920,618,6.9,0.4,11899,733,7.5,0.5,19255,960,12.2,0.6,19639,735,12.4,0.5,24482,793,15.5,0.5,10808,598,6.8,0.4,9834,633,6.2,0.4,11312,500,7.2,0.3,7761,420,4.9,0.3,4271,387,2.7,0.2,39.8,0.6,(X),(X),123978,984,78.5,0.5,116591,853,73.9,0.5,29123,761,18.4,0.5,23344,663,14.8,0.4,123978,984,123978,(X),58534,903,47.2,0.5,65444,635,52.8,0.5,23344,663,23344,(X),9594,484,41.1,1.5,13750,477,58.9,1.5,157849,744,157849,(X),155511,814,98.5,0.3,2338,438,1.5,0.3,155511,814,98.5,0.3,141417,1615,89.6,0.9,3385,637,2.1,0.4,333,200,0.2,0.1,0,29,0.0,0.1,0,29,0.0,0.1,0,29,0.0,0.1,0,29,0.0,0.1,2910,762,1.8,0.5,499,232,0.3,0.1,357,196,0.2,0.1,145,103,0.1,0.1,16,28,0.0,0.1,559,368,0.4,0.2,10,17,0.0,0.1,1324,654,0.8,0.4,75,89,0.0,0.1,53,60,0.0,0.1,0,29,0.0,0.1,22,37,0.0,0.1,0,29,0.0,0.1,7391,1045,4.7,0.7,2338,438,1.5,0.3,489,149,0.3,0.1,422,140,0.3,0.1,398,234,0.3,0.1,55,45,0.0,0.1,157849,744,157849,(X),143414,1567,90.9,0.8,4051,654,2.6,0.4,900,209,0.6,0.1,3537,790,2.2,0.5,234,219,0.1,0.1,8176,1100,5.2,0.7,157849,744,157849,(X),27259,1204,17.3,0.8,631,344,0.4,0.2,24098,1122,15.3,0.7,208,123,0.1,0.1,2322,576,1.5,0.4,130590,1276,82.7,0.8,122304,1564,77.5,0.9,2969,606,1.9,0.4,261,196,0.2,0.1,2908,762,1.8,0.5,75,89,0.0,0.1,368,236,0.2,0.1,1705,399,1.1,0.3,310,245,0.2,0.2,1395,333,0.9,0.2,66307,795,(X),(X),62509,735,4647,459,4448,518,4200,519,3223,395,2733,316,2514,280,2645,374,2351,336,2743,323,4866,454,5699,529,9091,580,5218,411,3395,377,2935,341,1801,272
5,610U300US25006,"Hampshire, Franklin & Worcester",157233,383,157233,(X),73401,535,46.7,0.3,83832,542,53.3,0.3,5800,232,3.7,0.1,6773,427,4.3,0.3,7689,414,4.9,0.3,18392,476,11.7,0.3,23367,572,14.9,0.4,16116,543,10.2,0.3,16167,430,10.3,0.3,20870,518,13.3,0.3,10611,529,6.7,0.3,9958,512,6.3,0.3,11432,318,7.3,0.2,6571,341,4.2,0.2,3487,342,2.2,0.2,35.3,0.5,(X),(X),131877,458,83.9,0.2,111198,858,70.7,0.5,27386,562,17.4,0.4,21490,381,13.7,0.2,131877,458,131877,(X),60804,506,46.1,0.3,71073,515,53.9,0.3,21490,381,21490,(X),9309,265,43.3,0.8,12181,255,56.7,0.8,157233,383,157233,(X),153863,491,97.9,0.2,3370,320,2.1,0.2,153863,491,97.9,0.2,139996,773,89.0,0.4,4252,322,2.7,0.2,356,118,0.2,0.1,25,21,0.0,0.1,0,29,0.0,0.1,4,6,0.0,0.1,0,29,0.0,0.1,7928,513,5.0,0.3,1340,337,0.9,0.2,2808,453,1.8,0.3,335,154,0.2,0.1,355,150,0.2,0.1,1181,268,0.8,0.2,365,180,0.2,0.1,1544,393,1.0,0.2,43,43,0.0,0.1,8,13,0.0,0.1,0,29,0.0,0.1,35,41,0.0,0.1,0,29,0.0,0.1,1288,366,0.8,0.2,3370,320,2.1,0.2,898,208,0.6,0.1,663,136,0.4,0.1,843,174,0.5,0.1,121,82,0.1,0.1,157233,383,157233,(X),142944,783,90.9,0.4,5743,291,3.7,0.2,1439,245,0.9,0.2,8860,518,5.6,0.3,82,59,0.1,0.1,1815,406,1.2,0.3,157233,383,157233,(X),8118,465,5.2,0.3,862,272,0.5,0.2,4027,460,2.6,0.3,277,101,0.2,0.1,2952,510,1.9,0.3,149115,669,94.8,0.3,133982,808,85.2,0.4,3943,278,2.5,0.2,260,94,0.2,0.1,7861,509,5.0,0.3,43,43,0.0,0.1,233,105,0.1,0.1,2793,281,1.8,0.2,230,106,0.1,0.1,2563,276,1.6,0.2,62492,680,(X),(X),58048,682,3298,415,3823,429,2980,313,2632,311,2495,325,3053,372,2661,385,2630,273,2342,323,4660,369,6083,451,8139,453,4658,368,3273,367,2709,302,2612,290
6,610U300US25007,First Hampden & Hampshire,161903,1534,161903,(X),78150,1186,48.3,0.5,83753,1011,51.7,0.5,7889,589,4.9,0.4,9003,514,5.6,0.3,9797,601,6.1,0.4,12438,691,7.7,0.4,10150,710,6.3,0.4,16438,938,10.2,0.6,19645,738,12.1,0.4,25673,754,15.9,0.5,12765,710,7.9,0.4,10387,761,6.4,0.5,14087,582,8.7,0.3,8741,480,5.4,0.3,4890,438,3.0,0.3,42.7,0.6,(X),(X),128235,1220,79.2,0.5,120420,1213,74.4,0.6,33945,880,21.0,0.5,27718,743,17.1,0.4,128235,1220,128235,(X),60925,1055,47.5,0.6,67310,815,52.5,0.6,27718,743,27718,(X),11827,476,42.7,1.3,15891,558,57.3,1.3,161903,1534,161903,(X),158714,1602,98.0,0.4,3189,675,2.0,0.4,158714,1602,98.0,0.4,143637,1744,88.7,0.9,8020,826,5.0,0.5,65,44,0.0,0.1,0,29,0.0,0.1,0,29,0.0,0.1,7,13,0.0,0.1,0,29,0.0,0.1,3674,629,2.3,0.4,386,201,0.2,0.1,912,345,0.6,0.2,261,265,0.2,0.2,0,29,0.0,0.1,515,342,0.3,0.2,852,354,0.5,0.2,748,306,0.5,0.2,26,39,0.0,0.1,0,29,0.0,0.1,26,39,0.0,0.1,0,29,0.0,0.1,0,29,0.0,0.1,3292,781,2.0,0.5,3189,675,2.0,0.4,1611,486,1.0,0.3,374,130,0.2,0.1,542,278,0.3,0.2,50,51,0.0,0.1,161903,1534,161903,(X),146653,1739,90.6,0.8,9889,921,6.1,0.6,611,174,0.4,0.1,4314,682,2.7,0.4,72,67,0.0,0.1,3738,821,2.3,0.5,161903,1534,161903,(X),11962,1253,7.4,0.7,452,239,0.3,0.1,8922,1132,5.5,0.7,193,113,0.1,0.1,2395,663,1.5,0.4,149941,1528,92.6,0.7,135951,1541,84.0,0.9,7542,786,4.7,0.5,24,28,0.0,0.1,3655,628,2.3,0.4,26,39,0.0,0.1,327,263,0.2,0.2,2416,549,1.5,0.3,77,50,0.0,0.1,2339,545,1.4,0.3,64572,622,(X),(X),61809,648,2609,341,2877,398,2905,374,2330,329,2782,335,2504,303,2342,323,2735,346,2203,293,4709,452,6154,400,9160,484,6821,583,4405,425,4121,423,3152,341
7,610U300US25008,"Worcester, Hampden, Hampshire & Middlesex",162680,296,162680,(X),81449,822,50.1,0.5,81231,855,49.9,0.5,7972,614,4.9,0.4,9858,729,6.1,0.4,11750,694,7.2,0.4,10503,629,6.5,0.4,8816,637,5.4,0.4,16487,1059,10.1,0.6,21470,778,13.2,0.5,28605,902,17.6,0.6,13184,666,8.1,0.4,11200,793,6.9,0.5,12960,564,8.0,0.3,6859,483,4.2,0.3,3016,340,1.9,0.2,42.8,0.4,(X),(X),126432,793,77.7,0.5,120617,910,74.1,0.5,28943,833,17.8,0.5,22835,662,14.0,0.4,126432,793,126432,(X),62540,788,49.5,0.5,63892,605,50.5,0.5,22835,662,22835,(X),10076,402,44.1,1.3,12759,490,55.9,1.3,162680,296,162680,(X),160338,518,98.6,0.3,2342,440,1.4,0.3,160338,518,98.6,0.3,156357,905,96.1,0.5,1135,303,0.7,0.2,209,111,0.1,0.1,9,15,0.0,0.1,8,14,0.0,0.1,18,31,0.0,0.1,0,29,0.0,0.1,1237,411,0.8,0.3,259,125,0.2,0.1,518,357,0.3,0.2,92,61,0.1,0.1,18,19,0.0,0.1,62,67,0.0,0.1,50,61,0.0,0.1,238,188,0.1,0.1,19,31,0.0,0.1,0,29,0.0,0.1,0,29,0.0,0.1,19,31,0.0,0.1,0,29,0.0,0.1,1381,506,0.8,0.3,2342,440,1.4,0.3,596,235,0.4,0.1,511,191,0.3,0.1,485,166,0.3,0.1,153,137,0.1,0.1,162680,296,162680,(X),158442,800,97.4,0.5,2093,430,1.3,0.3,1039,312,0.6,0.2,1769,491,1.1,0.3,50,50,0.0,0.1,1810,552,1.1,0.3,162680,296,162680,(X),4273,748,2.6,0.5,425,164,0.3,0.1,2157,534,1.3,0.3,149,107,0.1,0.1,1542,517,0.9,0.3,158407,832,97.4,0.5,153976,1086,94.6,0.6,1118,301,0.7,0.2,100,54,0.1,0.1,1237,411,0.8,0.3,19,31,0.0,0.1,143,116,0.1,0.1,1814,380,1.1,0.2,64,40,0.0,0.1,1750,376,1.1,0.2,69026,726,(X),(X),62240,732,2992,371,3056,370,2768,387,2704,343,2353,325,2968,344,2525,304,2500,289,2277,311,4782,386,6087,532,9155,611,7048,451,4362,415,4245,412,2418,296
8,610U300US25009,Worcester & Middlesex,158797,571,158797,(X),79368,1000,50.0,0.6,79429,1004,50.0,0.6,8885,585,5.6,0.4,9316,587,5.9,0.4,10322,593,6.5,0.4,10489,813,6.6,0.5,10809,702,6.8,0.4,19329,987,12.2,0.6,20923,848,13.2,0.5,26525,928,16.7,0.6,11239,712,7.1,0.4,8951,647,5.6,0.4,11565,508,7.3,0.3,6679,471,4.2,0.3,3765,375,2.4,0.2,40.4,0.7,(X),(X),124201,955,78.2,0.5,117049,1093,73.7,0.6,27173,778,17.1,0.5,22009,677,13.9,0.4,124201,955,124201,(X),61665,882,49.6,0.6,62536,940,50.4,0.6,22009,677,22009,(X),9549,453,43.4,1.3,12460,436,56.6,1.3,158797,571,158797,(X),155088,850,97.7,0.4,3709,624,2.3,0.4,155088,850,97.7,0.4,137390,1613,86.5,1.0,5242,841,3.3,0.5,492,198,0.3,0.1,86,79,0.1,0.1,3,5,0.0,0.1,0,29,0.0,0.1,9,13,0.0,0.1,4108,704,2.6,0.4,415,228,0.3,0.1,785,240,0.5,0.2,503,325,0.3,0.2,333,293,0.2,0.2,315,149,0.2,0.1,466,271,0.3,0.2,1291,458,0.8,0.3,12,18,0.0,0.1,0,29,0.0,0.1,12,18,0.0,0.1,0,29,0.0,0.1,0,29,0.0,0.1,7844,1055,4.9,0.7,3709,624,2.3,0.4,1604,418,1.0,0.3,470,221,0.3,0.1,843,299,0.5,0.2,55,45,0.0,0.1,158797,571,158797,(X),140794,1570,88.7,0.9,7196,883,4.5,0.6,1117,341,0.7,0.2,5023,704,3.2,0.4,28,28,0.0,0.1,8512,1056,5.4,0.7,158797,571,158797,(X),18091,1233,11.4,0.8,1176,532,0.7,0.3,10022,1106,6.3,0.7,180,152,0.1,0.1,6713,1058,4.2,0.7,140706,1344,88.6,0.8,128908,1561,81.2,0.9,5003,818,3.2,0.5,375,143,0.2,0.1,3824,636,2.4,0.4,12,18,0.0,0.1,317,213,0.2,0.1,2267,437,1.4,0.3,72,51,0.0,0.1,2195,443,1.4,0.3,66377,933,(X),(X),60527,890,3900,467,3387,317,3100,373,2712,330,2504,344,2897,342,2394,323,2288,336,1972,309,4015,435,6534,591,8885,653,5895,458,3675,341,4086,397,2283,238
9,610U300US25010,First Worcester,170386,1450,170386,(X),82992,1056,48.7,0.5,87394,1195,51.3,0.5,10294,651,6.0,0.4,9946,736,5.8,0.4,10052,597,5.9,0.3,14130,762,8.3,0.4,15366,823,9.0,0.5,22802,876,13.4,0.5,21593,814,12.7,0.5,24079,861,14.1,0.5,11365,674,6.7,0.4,8297,639,4.9,0.4,10972,598,6.4,0.4,7041,470,4.1,0.3,4449,421,2.6,0.2,36.4,0.6,(X),(X),133706,1241,78.5,0.6,122285,1282,71.8,0.6,26877,711,15.8,0.4,22462,582,13.2,0.4,133706,1241,133706,(X),64296,971,48.1,0.6,69410,1011,51.9,0.6,22462,582,22462,(X),8752,431,39.0,1.5,13710,458,61.0,1.5,170386,1450,170386,(X),164197,1649,96.4,0.5,6189,934,3.6,0.5,164197,1649,96.4,0.5,134705,2116,79.1,1.1,15620,1112,9.2,0.6,364,152,0.2,0.1,76,49,0.0,0.1,0,29,0.0,0.1,0,29,0.0,0.1,0,29,0.0,0.1,8251,895,4.8,0.5,1387,397,0.8,0.2,1993,466,1.2,0.3,134,97,0.1,0.1,291,153,0.2,0.1,402,187,0.2,0.1,2357,588,1.4,0.3,1687,538,1.0,0.3,95,75,0.1,0.1,69,69,0.0,0.1,0,29,0.0,0.1,0,29,0.0,0.1,26,42,0.0,0.1,5162,774,3.0,0.5,6189,934,3.6,0.5,3038,582,1.8,0.3,669,280,0.4,0.2,968,519,0.6,0.3,143,102,0.1,0.1,170386,1450,170386,(X),140282,1981,82.3,0.9,19161,1192,11.2,0.7,1286,370,0.8,0.2,9479,970,5.6,0.6,255,129,0.1,0.1,6323,809,3.7,0.5,170386,1450,170386,(X),27145,1440,15.9,0.8,1384,580,0.8,0.3,15280,1323,9.0,0.8,144,92,0.1,0.1,10337,1236,6.1,0.7,143241,1764,84.1,0.8,117170,1825,68.8,1.0,13853,1025,8.1,0.6,250,114,0.1,0.1,8230,897,4.8,0.5,95,75,0.1,0.1,648,292,0.4,0.2,2995,625,1.8,0.4,328,163,0.2,0.1,2667,609,1.6,0.4,69705,892,(X),(X),63505,786,5167,543,4513,434,3619,399,3135,387,2566,313,2733,332,2647,393,2611,293,2420,284,4125,407,6556,603,6983,482,5176,426,4004,362,3952,414,3298,327
10,610U300US25011,Second Worcester,172579,1456,172579,(X),83235,1160,48.2,0.6,89344,1298,51.8,0.6,10526,647,6.1,0.4,11302,665,6.5,0.4,11576,783,6.7,0.4,13055,634,7.6,0.4,11256,691,6.5,0.4,21505,1079,12.5,0.6,24899,806,14.4,0.5,27023,881,15.7,0.5,11058,677,6.4,0.4,8715,582,5.0,0.3,11241,509,6.5,0.3,6979,481,4.0,0.3,3444,425,2.0,0.2,38.1,0.6,(X),(X),131297,1209,76.1,0.5,123667,1135,71.7,0.5,26671,747,15.5,0.4,21664,676,12.6,0.4,131297,1209,131297,(X),62230,999,47.4,0.6,69067,896,52.6,0.6,21664,676,21664,(X),9165,427,42.3,1.5,12499,514,57.7,1.5,172579,1456,172579,(X),168793,1570,97.8,0.4,3786,729,2.2,0.4,168793,1570,97.8,0.4,143329,1780,83.1,0.8,9512,903,5.5,0.5,237,99,0.1,0.1,15,25,0.0,0.1,0,29,0.0,0.1,12,20,0.0,0.1,0,29,0.0,0.1,12542,972,7.3,0.6,4922,846,2.9,0.5,1925,475,1.1,0.3,270,141,0.2,0.1,150,156,0.1,0.1,190,101,0.1,0.1,3669,689,2.1,0.4,1416,455,0.8,0.3,87,72,0.1,0.1,19,31,0.0,0.1,0,29,0.0,0.1,0,29,0.0,0.1,68,60,0.0,0.1,3086,595,1.8,0.3,3786,729,2.2,0.4,1228,419,0.7,0.2,430,154,0.2,0.1,964,371,0.6,0.2,15,19,0.0,0.1,172579,1456,172579,(X),146614,1805,85.0,0.8,10903,984,6.3,0.6,783,209,0.5,0.1,13943,939,8.1,0.5,357,143,0.2,0.1,3866,687,2.2,0.4,172579,1456,172579,(X),15885,1248,9.2,0.7,603,308,0.3,0.2,9677,1179,5.6,0.7,197,155,0.1,0.1,5408,798,3.1,0.5,156694,1549,90.8,0.7,132265,1564,76.6,0.8,8523,851,4.9,0.5,158,73,0.1,0.1,12480,979,7.2,0.6,87,72,0.1,0.1,499,265,0.3,0.2,2682,634,1.6,0.4,342,234,0.2,0.1,2340,541,1.4,0.3,69103,645,(X),(X),63993,807,3048,377,2850,376,2660,352,2754,427,2698,393,2711,424,2228,337,2445,346,2359,367,5088,415,6091,488,8888,635,6640,519,4365,402,5322,405,3846,312
11,610U300US25012,Worcester & Norfolk,165765,548,165765,(X),81479,860,49.2,0.5,84286,778,50.8,0.5,9897,731,6.0,0.4,10980,577,6.6,0.3,11079,726,6.7,0.4,12308,722,7.4,0.4,9533,701,5.8,0.4,18388,958,11.1,0.6,23408,831,14.1,0.5,28644,869,17.3,0.5,11533,660,7.0,0.4,9478,709,5.7,0.4,11069,504,6.7,0.3,6211,502,3.7,0.3,3237,350,2.0,0.2,39.8,0.6,(X),(X),125973,937,76.0,0.6,119504,964,72.1,0.6,26321,801,15.9,0.5,20517,668,12.4,0.4,125973,937,125973,(X),60820,904,48.3,0.5,65153,667,51.7,0.5,20517,668,20517,(X),8815,413,43.0,1.4,11702,465,57.0,1.4,165765,548,165765,(X),162098,924,97.8,0.4,3667,681,2.2,0.4,162098,924,97.8,0.4,151708,1524,91.5,0.9,2530,589,1.5,0.4,190,119,0.1,0.1,0,29,0.0,0.1,0,29,0.0,0.1,0,29,0.0,0.1,0,29,0.0,0.1,2813,599,1.7,0.4,1021,370,0.6,0.2,430,159,0.3,0.1,95,62,0.1,0.1,57,50,0.0,0.1,34,33,0.0,0.1,428,305,0.3,0.2,748,287,0.5,0.2,27,40,0.0,0.1,0,29,0.0,0.1,8,13,0.0,0.1,0,29,0.0,0.1,19,37,0.0,0.1,4830,965,2.9,0.6,3667,681,2.2,0.4,846,241,0.5,0.1,1096,350,0.7,0.2,422,170,0.3,0.1,14,21,0.0,0.1,165765,548,165765,(X),154880,1376,93.4,0.8,4080,646,2.5,0.4,1478,387,0.9,0.2,3426,628,2.1,0.4,49,48,0.0,0.1,5822,1082,3.5,0.7,165765,548,165765,(X),11427,1282,6.9,0.8,796,357,0.5,0.2,6697,731,4.0,0.4,18,24,0.0,0.1,3916,1011,2.4,0.6,154338,1418,93.1,0.8,145568,1641,87.8,0.9,2354,577,1.4,0.3,132,96,0.1,0.1,2813,599,1.7,0.4,19,37,0.0,0.1,754,354,0.5,0.2,2698,484,1.6,0.3,270,158,0.2,0.1,2428,435,1.5,0.3,66689,774,(X),(X),62009,671,2244,355,2457,380,2943,346,2380,370,2544,356,2875,383,2303,371,2359,338,2353,324,4516,425,6621,648,8957,502,6794,528,4345,470,5125,428,3193,409
12,610U300US25013,First Middlesex,167341,71,167341,(X),82291,840,49.2,0.5,85050,837,50.8,0.5,10307,742,6.2,0.4,11456,722,6.8,0.4,11041,719,6.6,0.4,13471,911,8.1,0.5,12258,750,7.3,0.4,23108,1196,13.8,0.7,21225,834,12.7,0.5,26546,973,15.9,0.6,11482,704,6.9,0.4,8653,739,5.2,0.4,10013,543,6.0,0.3,5543,489,3.3,0.3,2238,290,1.3,0.2,36.2,0.6,(X),(X),126868,1082,75.8,0.6,118753,1155,71.0,0.7,22739,763,13.6,0.5,17794,649,10.6,0.4,126868,1082,126868,(X),61623,1059,48.6,0.6,65245,762,51.4,0.6,17794,649,17794,(X),7519,406,42.3,1.7,10275,472,57.7,1.7,167341,71,167341,(X),162709,666,97.2,0.4,4632,668,2.8,0.4,162709,666,97.2,0.4,116537,1772,69.6,1.1,7721,992,4.6,0.6,337,167,0.2,0.1,40,46,0.0,0.1,0,29,0.0,0.1,0,29,0.0,0.1,0,29,0.0,0.1,25409,1290,15.2,0.8,3841,771,2.3,0.5,1813,472,1.1,0.3,377,243,0.2,0.1,44,42,0.0,0.1,431,225,0.3,0.1,1902,530,1.1,0.3,17001,1371,10.2,0.8,164,94,0.1,0.1,16,25,0.0,0.1,31,36,0.0,0.1,27,34,0.0,0.1,90,77,0.1,0.1,12541,1667,7.5,1.0,4632,668,2.8,0.4,1317,430,0.8,0.3,531,205,0.3,0.1,951,280,0.6,0.2,22,28,0.0,0.1,167341,71,167341,(X),120499,2011,72.0,1.2,9358,1131,5.6,0.7,1035,295,0.6,0.2,26941,1260,16.1,0.8,229,129,0.1,0.1,14054,1656,8.4,1.0,167341,71,167341,(X),20079,1435,12.0,0.9,477,205,0.3,0.1,12335,1214,7.4,0.7,548,284,0.3,0.2,6719,1012,4.0,0.6,147262,1433,88.0,0.9,109036,1567,65.2,0.9,7385,968,4.4,0.6,194,95,0.1,0.1,25289,1288,15.1,0.8,126,74,0.1,0.1,2172,712,1.3,0.4,3060,545,1.8,0.3,537,202,0.3,0.1,2523,510,1.5,0.3,64893,857,(X),(X),60235,734,4081,416,3420,381,2470,302,2745,375,2375,331,2372,353,2086,339,2198,355,2177,337,4618,457,6024,575,7571,527,5105,434,3885,374,4883,432,4225,330
13,610U300US25014,Middlesex & Worcester,172096,532,172096,(X),86330,1212,50.2,0.7,85766,1194,49.8,0.7,10075,688,5.9,0.4,11187,677,6.5,0.4,11820,667,6.9,0.4,11218,740,6.5,0.4,7394,600,4.3,0.3,18209,1023,10.6,0.6,26328,909,15.3,0.5,30859,1019,17.9,0.6,12461,632,7.2,0.4,10281,681,6.0,0.4,11811,666,6.9,0.4,7346,543,4.3,0.3,3107,314,1.8,0.2,41.5,0.5,(X),(X),131007,821,76.1,0.5,126141,1000,73.3,0.6,28533,924,16.6,0.5,22264,677,12.9,0.4,131007,821,131007,(X),65536,1060,50.0,0.7,65471,983,50.0,0.7,22264,677,22264,(X),9806,493,44.0,1.6,12458,504,56.0,1.6,172096,532,172096,(X),164152,1406,95.4,0.8,7944,1454,4.6,0.8,164152,1406,95.4,0.8,142972,1943,83.1,1.1,3575,664,2.1,0.4,226,96,0.1,0.1,29,40,0.0,0.1,0,29,0.0,0.1,0,29,0.0,0.1,5,8,0.0,0.1,14822,1016,8.6,0.6,6539,837,3.8,0.5,5179,751,3.0,0.4,529,344,0.3,0.2,384,167,0.2,0.1,691,240,0.4,0.1,609,420,0.4,0.2,891,385,0.5,0.2,0,29,0.0,0.1,0,29,0.0,0.1,0,29,0.0,0.1,0,29,0.0,0.1,0,29,0.0,0.1,2557,660,1.5,0.4,7944,1454,4.6,0.8,4787,1295,2.8,0.8,527,229,0.3,0.1,1113,276,0.6,0.2,32,37,0.0,0.1,172096,532,172096,(X),150510,1636,87.5,0.8,8952,1496,5.2,0.9,1074,346,0.6,0.2,16286,1027,9.5,0.6,69,66,0.0,0.1,3638,804,2.1,0.5,172096,532,172096,(X),9669,1387,5.6,0.8,1743,639,1.0,0.4,2574,609,1.5,0.4,212,119,0.1,0.1,5140,1168,3.0,0.7,162427,1363,94.4,0.8,138169,1861,80.3,1.0,3378,660,2.0,0.4,178,78,0.1,0.1,14800,1017,8.6,0.6,0,29,0.0,0.1,552,235,0.3,0.1,5350,1020,3.1,0.6,393,161,0.2,0.1,4957,1002,2.9,0.6,68949,882,(X),(X),65476,864,1938,361,2138,344,2215,346,2538,349,2023,328,1803,273,1981,346,2665,403,1698,306,3704,455,5567,552,7975,614,7135,624,5594,466,7397,565,9105,492
14,610U300US25015,Second Middlesex & Norfolk,160530,838,160530,(X),77092,907,48.0,0.6,83438,1162,52.0,0.6,10711,613,6.7,0.4,10277,711,6.4,0.4,10754,656,6.7,0.4,10704,664,6.7,0.4,8323,675,5.2,0.4,19561,1017,12.2,0.6,23017,820,14.3,0.5,27081,982,16.9,0.6,10796,613,6.7,0.4,9071,665,5.7,0.4,10312,485,6.4,0.3,6490,478,4.0,0.3,3433,375,2.1,0.2,39.8,0.6,(X),(X),121895,989,75.9,0.6,116349,1062,72.5,0.6,25402,785,15.8,0.5,20235,605,12.6,0.4,121895,989,121895,(X),57255,892,47.0,0.6,64640,835,53.0,0.6,20235,605,20235,(X),8316,355,41.1,1.5,11919,506,58.9,1.5,160530,838,160530,(X),156818,1040,97.7,0.4,3712,592,2.3,0.4,156818,1040,97.7,0.4,133546,1713,83.2,0.9,7205,905,4.5,0.6,152,80,0.1,0.1,21,30,0.0,0.1,0,29,0.0,0.1,0,29,0.0,0.1,0,29,0.0,0.1,10229,1072,6.4,0.7,4937,837,3.1,0.5,3034,556,1.9,0.3,216,118,0.1,0.1,437,201,0.3,0.1,673,247,0.4,0.2,401,153,0.2,0.1,531,253,0.3,0.2,104,137,0.1,0.1,104,137,0.1,0.1,0,29,0.0,0.1,0,29,0.0,0.1,0,29,0.0,0.1,5582,1166,3.5,0.7,3712,592,2.3,0.4,1418,408,0.9,0.3,274,122,0.2,0.1,1004,287,0.6,0.2,14,19,0.0,0.1,160530,838,160530,(X),136940,1679,85.3,0.9,8890,941,5.5,0.6,506,152,0.3,0.1,11395,1143,7.1,0.7,168,151,0.1,0.1,6440,1268,4.0,0.8,160530,838,160530,(X),12105,1156,7.5,0.7,717,327,0.4,0.2,4090,595,2.5,0.4,379,263,0.2,0.2,6919,1050,4.3,0.7,148425,1419,92.5,0.7,127057,1754,79.1,0.9,6173,816,3.8,0.5,99,66,0.1,0.1,10212,1070,6.4,0.7,104,137,0.1,0.1,2070,713,1.3,0.4,2710,506,1.7,0.3,568,263,0.4,0.2,2142,448,1.3,0.3,62436,818,(X),(X),60393,814,2474,331,2196,376,2329,372,1959,293,1952,312,1997,361,1886,318,1769,324,1669,295,3350,436,5209,538,7201,522,6871,527,5468,437,7196,491,6867,408
15,610U300US25016,Third Middlesex,172040,704,172040,(X),84480,1158,49.1,0.6,87560,1107,50.9,0.6,9086,644,5.3,0.4,10835,656,6.3,0.4,10772,653,6.3,0.4,13084,919,7.6,0.5,10660,879,6.2,0.5,20455,1041,11.9,0.6,22729,850,13.2,0.5,26758,849,15.6,0.5,12370,725,7.2,0.4,9788,667,5.7,0.4,12771,657,7.4,0.4,8575,567,5.0,0.3,4157,417,2.4,0.2,40.3,0.4,(X),(X),134800,924,78.4,0.5,125545,1112,73.0,0.6,31223,982,18.1,0.6,25503,758,14.8,0.4,134800,924,134800,(X),65370,959,48.5,0.6,69430,921,51.5,0.6,25503,758,25503,(X),11223,468,44.0,1.3,14280,524,56.0,1.3,172040,704,172040,(X),167838,903,97.6,0.4,4202,604,2.4,0.4,167838,903,97.6,0.4,141574,1561,82.3,0.8,5129,708,3.0,0.4,115,70,0.1,0.1,0,29,0.0,0.1,0,29,0.0,0.1,0,29,0.0,0.1,0,29,0.0,0.1,16965,1242,9.9,0.7,5553,845,3.2,0.5,6723,859,3.9,0.5,344,157,0.2,0.1,506,185,0.3,0.1,1676,471,1.0,0.3,341,189,0.2,0.1,1822,526,1.1,0.3,118,110,0.1,0.1,69,89,0.0,0.1,0,29,0.0,0.1,0,29,0.0,0.1,49,67,0.0,0.1,3937,894,2.3,0.5,4202,604,2.4,0.4,732,235,0.4,0.1,405,255,0.2,0.1,1905,371,1.1,0.2,32,35,0.0,0.1,172040,704,172040,(X),145341,1453,84.5,0.8,6250,748,3.6,0.4,632,243,0.4,0.1,19450,1301,11.3,0.8,287,155,0.2,0.1,4598,885,2.7,0.5,172040,704,172040,(X),12529,1495,7.3,0.9,2001,601,1.2,0.3,2390,475,1.4,0.3,373,185,0.2,0.1,7765,1260,4.5,0.7,159511,1602,92.7,0.9,133731,1734,77.7,1.0,4624,682,2.7,0.4,81,60,0.0,0.1,16696,1235,9.7,0.7,118,110,0.1,0.1,675,304,0.4,0.2,3586,493,2.1,0.3,467,196,0.3,0.1,3119,481,1.8,0.3,67354,780,(X),(X),63704,788,2395,388,2036,291,1787,270,2024,324,1586,293,1775,292,1421,257,1979,310,1914,336,3004,408,4325,422,7821,545,6484,489,5453,449,7710,512,11990,494
16,610U300US25017,"Norfolk, Bristol & Middlesex",162216,1465,162216,(X),79997,1125,49.3,0.6,82219,1337,50.7,0.6,9327,739,5.7,0.4,11300,665,7.0,0.4,12219,636,7.5,0.4,12940,766,8.0,0.5,10090,727,6.2,0.4,13718,933,8.5,0.6,23140,827,14.3,0.5,27510,925,17.0,0.6,12151,748,7.5,0.5,9071,636,5.6,0.4,10880,601,6.7,0.4,6737,530,4.2,0.3,3133,385,1.9,0.2,40.7,0.5,(X),(X),122197,1244,75.3,0.5,114170,1171,70.4,0.5,25961,734,16.0,0.4,20750,693,12.8,0.4,122197,1244,122197,(X),58777,874,48.1,0.6,63420,1040,51.9,0.6,20750,693,20750,(X),9049,432,43.6,1.6,11701,518,56.4,1.6,162216,1465,162216,(X),159681,1447,98.4,0.3,2535,452,1.6,0.3,159681,1447,98.4,0.3,147081,1613,90.7,0.7,3113,639,1.9,0.4,203,115,0.1,0.1,4,7,0.0,0.1,6,17,0.0,0.1,0,29,0.0,0.1,4,7,0.0,0.1,8033,905,5.0,0.5,1919,552,1.2,0.3,3650,517,2.3,0.3,311,141,0.2,0.1,115,82,0.1,0.1,639,256,0.4,0.2,396,341,0.2,0.2,1003,436,0.6,0.3,52,76,0.0,0.1,52,76,0.0,0.1,0,29,0.0,0.1,0,29,0.0,0.1,0,29,0.0,0.1,1199,330,0.7,0.2,2535,452,1.6,0.3,560,293,0.3,0.2,481,176,0.3,0.1,1044,290,0.6,0.2,73,62,0.0,0.1,162216,1465,162216,(X),149313,1590,92.0,0.7,3944,753,2.4,0.5,804,242,0.5,0.1,9198,952,5.7,0.6,134,110,0.1,0.1,1433,351,0.9,0.2,162216,1465,162216,(X),4584,826,2.8,0.5,913,374,0.6,0.2,1329,416,0.8,0.3,376,172,0.2,0.1,1966,409,1.2,0.3,157632,1740,97.2,0.5,143676,1863,88.6,0.9,2996,644,1.8,0.4,194,116,0.1,0.1,8023,902,4.9,0.5,52,76,0.0,0.1,355,201,0.2,0.1,2336,420,1.4,0.3,162,76,0.1,0.1,2174,406,1.3,0.2,59955,699,(X),(X),57016,715,1838,263,1775,338,1691,249,1600,339,1353,262,1280,204,1633,273,1681,275,1661,273,3521,465,4549,451,6475,492,6537,523,4728,394,7058,557,9636,549
17,610U300US25018,Second Essex & Middlesex,169963,65,169963,(X),81762,956,48.1,0.6,88201,942,51.9,0.6,11073,648,6.5,0.4,12159,702,7.2,0.4,12523,627,7.4,0.4,13190,639,7.8,0.4,11266,608,6.6,0.4,21255,972,12.5,0.6,22388,919,13.2,0.5,25470,966,15.0,0.6,11004,607,6.5,0.4,9518,654,5.6,0.4,10861,571,6.4,0.3,5969,461,3.5,0.3,3287,361,1.9,0.2,36.8,0.6,(X),(X),126031,878,74.2,0.5,118729,916,69.9,0.5,25407,804,14.9,0.5,20117,633,11.8,0.4,126031,878,126031,(X),59318,860,47.1,0.6,66713,859,52.9,0.6,20117,633,20117,(X),8110,414,40.3,1.4,12007,421,59.7,1.4,169963,65,169963,(X),165747,720,97.5,0.4,4216,724,2.5,0.4,165747,720,97.5,0.4,111445,1898,65.6,1.1,7172,971,4.2,0.6,301,122,0.2,0.1,16,20,0.0,0.1,10,22,0.0,0.1,0,29,0.0,0.1,0,29,0.0,0.1,8190,860,4.8,0.5,1969,531,1.2,0.3,1952,431,1.1,0.3,158,96,0.1,0.1,188,127,0.1,0.1,1155,387,0.7,0.2,836,297,0.5,0.2,1932,553,1.1,0.3,39,59,0.0,0.1,0,29,0.0,0.1,0,29,0.0,0.1,0,29,0.0,0.1,39,59,0.0,0.1,38600,1921,22.7,1.1,4216,724,2.5,0.4,1496,515,0.9,0.3,348,136,0.2,0.1,688,272,0.4,0.2,31,35,0.0,0.1,169963,65,169963,(X),115031,1995,67.7,1.2,9003,960,5.3,0.6,871,266,0.5,0.2,8987,979,5.3,0.6,87,71,0.1,0.1,40239,1815,23.7,1.1,169963,65,169963,(X),60654,1374,35.7,0.8,950,340,0.6,0.2,18429,1694,10.8,1.0,394,185,0.2,0.1,40881,1875,24.1,1.1,109309,1368,64.3,0.8,95446,1496,56.2,0.9,3498,687,2.1,0.4,143,70,0.1,0.1,8161,860,4.8,0.5,39,59,0.0,0.1,310,158,0.2,0.1,1712,413,1.0,0.2,98,57,0.1,0.1,1614,405,0.9,0.2,64030,873,(X),(X),60580,768,4390,431,3940,452,3723,342,2598,344,2625,372,2764,389,2011,344,2140,297,1822,274,3576,408,5562,477,7365,471,5405,400,3699,412,4519,441,4441,325
18,610U300US25019,First Essex,172204,655,172204,(X),83415,1168,48.4,0.6,88789,1159,51.6,0.6,10141,613,5.9,0.4,10577,605,6.1,0.4,11071,722,6.4,0.4,10535,658,6.1,0.4,9737,522,5.7,0.3,20580,844,12.0,0.5,23969,878,13.9,0.5,28218,800,16.4,0.5,12384,801,7.2,0.5,10945,603,6.4,0.4,12229,527,7.1,0.3,7514,411,4.4,0.2,4304,438,2.5,0.3,41.0,0.4,(X),(X),133871,868,77.7,0.4,127682,1051,74.1,0.6,30620,796,17.8,0.5,24047,615,14.0,0.4,133871,868,133871,(X),63512,992,47.4,0.6,70359,774,52.6,0.6,24047,615,24047,(X),9683,395,40.3,1.4,14364,513,59.7,1.4,172204,655,172204,(X),169729,822,98.6,0.3,2475,456,1.4,0.3,169729,822,98.6,0.3,149398,1416,86.8,0.8,3688,674,2.1,0.4,302,146,0.2,0.1,0,29,0.0,0.1,17,26,0.0,0.1,0,29,0.0,0.1,0,29,0.0,0.1,3781,684,2.2,0.4,666,260,0.4,0.2,865,328,0.5,0.2,159,172,0.1,0.1,61,59,0.0,0.1,267,153,0.2,0.1,881,289,0.5,0.2,882,424,0.5,0.2,0,29,0.0,0.1,0,29,0.0,0.1,0,29,0.0,0.1,0,29,0.0,0.1,0,29,0.0,0.1,12560,1193,7.3,0.7,2475,456,1.4,0.3,774,260,0.4,0.2,351,130,0.2,0.1,458,188,0.3,0.1,2,4,0.0,0.1,172204,655,172204,(X),151561,1351,88.0,0.7,4744,772,2.8,0.4,690,202,0.4,0.1,4419,726,2.6,0.4,114,117,0.1,0.1,13276,1185,7.7,0.7,172204,655,172204,(X),20884,1332,12.1,0.8,1182,308,0.7,0.2,6532,856,3.8,0.5,689,382,0.4,0.2,12481,1367,7.2,0.8,151320,1432,87.9,0.8,142270,1497,82.6,0.8,2647,540,1.5,0.3,178,107,0.1,0.1,3716,669,2.2,0.4,0,29,0.0,0.1,912,349,0.5,0.2,1597,367,0.9,0.2,124,120,0.1,0.1,1473,333,0.9,0.2,72540,858,(X),(X),67301,784,3130,404,3209,379,2843,307,2923,385,2479,411,3116,403,2804,436,2201,343,2461,325,4682,437,6598,500,9472,721,6980,479,5086,411,5343,465,3974,391
19,610U300US25020,First Essex & Middlesex,172283,672,172283,(X),85638,1100,49.7,0.6,86645,1057,50.3,0.6,8549,596,5.0,0.3,11331,651,6.6,0.4,11950,684,6.9,0.4,12279,682,7.1,0.4,8109,575,4.7,0.3,14997,764,8.7,0.4,21443,753,12.4,0.4,31616,1038,18.4,0.6,13098,843,7.6,0.5,11975,787,7.0,0.5,15560,586,9.0,0.3,8096,574,4.7,0.3,3280,364,1.9,0.2,44.1,0.6,(X),(X),132643,1109,77.0,0.5,126365,1137,73.3,0.6,33712,994,19.6,0.6,26936,813,15.6,0.5,132643,1109,132643,(X),64622,913,48.7,0.6,68021,968,51.3,0.6,26936,813,26936,(X),12078,492,44.8,1.3,14858,591,55.2,1.3,172283,672,172283,(X),169970,738,98.7,0.2,2313,385,1.3,0.2,169970,738,98.7,0.2,162516,1411,94.3,0.7,1831,572,1.1,0.3,132,88,0.1,0.1,68,84,0.0,0.1,0,29,0.0,0.1,0,29,0.0,0.1,6,10,0.0,0.1,4420,824,2.6,0.5,1084,358,0.6,0.2,1504,413,0.9,0.2,163,86,0.1,0.1,211,115,0.1,0.1,468,240,0.3,0.1,381,265,0.2,0.2,609,326,0.4,0.2,29,26,0.0,0.1,6,13,0.0,0.1,21,22,0.0,0.1,0,29,0.0,0.1,2,3,0.0,0.1,1042,241,0.6,0.1,2313,385,1.3,0.2,636,194,0.4,0.1,313,160,0.2,0.1,805,231,0.5,0.1,61,77,0.0,0.1,172283,672,172283,(X),164577,1307,95.5,0.7,2678,680,1.6,0.4,631,189,0.4,0.1,5475,928,3.2,0.5,136,134,0.1,0.1,1261,300,0.7,0.2,172283,672,172283,(X),3919,881,2.3,0.5,381,130,0.2,0.1,1364,545,0.8,0.3,377,292,0.2,0.2,1797,481,1.0,0.3,168364,1006,97.7,0.5,160125,1569,92.9,0.9,1597,501,0.9,0.3,114,89,0.1,0.1,4418,824,2.6,0.5,19,22,0.0,0.1,130,122,0.1,0.1,1961,343,1.1,0.2,79,55,0.0,0.1,1882,343,1.1,0.2,67771,834,(X),(X),62301,725,2108,331,1946,306,1788,250,1890,271,1636,280,2205,332,1905,258,1695,272,1573,264,3786,469,4860,463,8221,637,7189,491,6121,502,6950,477,8428,541
20,610U300US25021,Second Essex,166584,48,166584,(X),78747,865,47.3,0.5,87837,864,52.7,0.5,8387,539,5.0,0.3,9045,596,5.4,0.4,8668,523,5.2,0.3,11498,670,6.9,0.4,12386,801,7.4,0.5,19937,811,12.0,0.5,21316,778,12.8,0.5,25974,838,15.6,0.5,12096,659,7.3,0.4,9810,554,5.9,0.3,12727,554,7.6,0.3,9033,597,5.4,0.4,5707,509,3.4,0.3,41.5,0.5,(X),(X),134344,807,80.6,0.5,126202,841,75.8,0.5,32852,754,19.7,0.5,27467,662,16.5,0.4,134344,807,134344,(X),62048,856,46.2,0.5,72296,767,53.8,0.5,27467,662,27467,(X),11291,463,41.1,1.4,16176,563,58.9,1.4,166584,48,166584,(X),163749,508,98.3,0.3,2835,513,1.7,0.3,163749,508,98.3,0.3,149600,1385,89.8,0.8,4770,857,2.9,0.5,197,95,0.1,0.1,22,37,0.0,0.1,0,29,0.0,0.1,0,29,0.0,0.1,0,29,0.0,0.1,4033,658,2.4,0.4,704,349,0.4,0.2,1025,312,0.6,0.2,511,270,0.3,0.2,161,103,0.1,0.1,391,214,0.2,0.1,543,270,0.3,0.2,698,373,0.4,0.2,23,25,0.0,0.1,7,14,0.0,0.1,0,29,0.0,0.1,8,16,0.0,0.1,8,13,0.0,0.1,5126,925,3.1,0.6,2835,513,1.7,0.3,1042,343,0.6,0.2,481,187,0.3,0.1,570,213,0.3,0.1,0,29,0.0,0.1,166584,48,166584,(X),152251,1367,91.4,0.8,6061,942,3.6,0.6,848,223,0.5,0.1,4717,665,2.8,0.4,41,36,0.0,0.1,5672,971,3.4,0.6,166584,48,166584,(X),12622,1172,7.6,0.7,771,275,0.5,0.2,4313,892,2.6,0.5,66,40,0.0,0.1,7472,985,4.5,0.6,153962,1176,92.4,0.7,143530,1397,86.2,0.8,3949,739,2.4,0.4,131,76,0.1,0.1,3984,648,2.4,0.4,23,25,0.0,0.1,453,252,0.3,0.2,1892,398,1.1,0.2,183,104,0.1,0.1,1709,383,1.0,0.2,71503,836,(X),(X),67665,767,3488,389,3630,393,3069,408,2869,364,2606,396,2773,344,2489,353,2390,327,2486,375,4850,410,7024,547,9523,650,6666,489,4713,468,4885,446,4204,393
21,610U300US25022,Third Essex,166903,67,166903,(X),79286,1025,47.5,0.6,87617,1022,52.5,0.6,10703,587,6.4,0.4,10781,665,6.5,0.4,10772,523,6.5,0.3,11318,638,6.8,0.4,10119,467,6.1,0.3,20606,728,12.3,0.4,22179,876,13.3,0.5,26007,806,15.6,0.5,11191,613,6.7,0.4,9506,570,5.7,0.3,12167,552,7.3,0.3,8084,548,4.8,0.3,3470,381,2.1,0.2,39.8,0.5,(X),(X),127255,819,76.2,0.5,121353,962,72.7,0.6,29117,832,17.4,0.5,23721,696,14.2,0.4,127255,819,127255,(X),59426,1085,46.7,0.7,67829,783,53.3,0.7,23721,696,23721,(X),9623,381,40.6,1.3,14098,547,59.4,1.3,166903,67,166903,(X),160967,1012,96.4,0.6,5936,1009,3.6,0.6,160967,1012,96.4,0.6,125225,1899,75.0,1.1,12607,1037,7.6,0.6,213,136,0.1,0.1,49,66,0.0,0.1,0,29,0.0,0.1,0,29,0.0,0.1,0,29,0.0,0.1,7620,933,4.6,0.6,474,237,0.3,0.1,1042,357,0.6,0.2,133,113,0.1,0.1,55,48,0.0,0.1,279,193,0.2,0.1,862,304,0.5,0.2,4775,863,2.9,0.5,94,57,0.1,0.1,45,51,0.0,0.1,32,36,0.0,0.1,0,29,0.0,0.1,17,29,0.0,0.1,15208,1524,9.1,0.9,5936,1009,3.6,0.6,3325,898,2.0,0.5,325,167,0.2,0.1,659,227,0.4,0.1,166,107,0.1,0.1,166903,67,166903,(X),130474,1913,78.2,1.1,16749,1173,10.0,0.7,931,269,0.6,0.2,8487,953,5.1,0.6,303,157,0.2,0.1,16338,1535,9.8,0.9,166903,67,166903,(X),32779,1616,19.6,1.0,1706,623,1.0,0.4,5776,908,3.5,0.5,318,145,0.2,0.1,24979,1539,15.0,0.9,134124,1616,80.4,1.0,111758,1836,67.0,1.1,11228,843,6.7,0.5,155,128,0.1,0.1,7472,921,4.5,0.6,57,53,0.0,0.1,750,339,0.4,0.2,2704,451,1.6,0.3,193,88,0.1,0.1,2511,444,1.5,0.3,66831,831,(X),(X),62790,648,4473,481,3657,400,2714,360,2922,351,2751,320,2716,283,2507,329,2348,341,2011,299,3988,382,5563,528,7951,578,6031,557,3839,429,4676,401,4643,428
22,610U300US25023,Fifth Middlesex,169660,416,169660,(X),81540,1113,48.1,0.7,88120,1156,51.9,0.7,9448,553,5.6,0.3,10119,694,6.0,0.4,9938,671,5.9,0.4,9203,584,5.4,0.3,10368,797,6.1,0.5,23691,1088,14.0,0.6,25152,929,14.8,0.5,26285,882,15.5,0.5,11940,770,7.0,0.5,9457,621,5.6,0.4,12222,642,7.2,0.4,7664,526,4.5,0.3,4173,441,2.5,0.3,40.1,0.5,(X),(X),134422,894,79.2,0.5,129186,959,76.1,0.6,29112,769,17.2,0.5,24059,652,14.2,0.4,134422,894,134422,(X),64251,909,47.8,0.6,70171,861,52.2,0.6,24059,652,24059,(X),10105,401,42.0,1.3,13954,524,58.0,1.3,169660,416,169660,(X),165792,765,97.7,0.4,3868,672,2.3,0.4,165792,765,97.7,0.4,134053,1582,79.0,0.9,10080,1118,5.9,0.7,210,122,0.1,0.1,27,41,0.0,0.1,0,29,0.0,0.1,0,29,0.0,0.1,0,29,0.0,0.1,19418,1250,11.4,0.7,3010,539,1.8,0.3,10956,1398,6.5,0.8,223,184,0.1,0.1,197,85,0.1,0.1,704,294,0.4,0.2,2106,736,1.2,0.4,2222,725,1.3,0.4,0,29,0.0,0.1,0,29,0.0,0.1,0,29,0.0,0.1,0,29,0.0,0.1,0,29,0.0,0.1,2031,564,1.2,0.3,3868,672,2.3,0.4,958,302,0.6,0.2,597,204,0.4,0.1,915,304,0.5,0.2,87,83,0.1,0.1,169660,416,169660,(X),137446,1586,81.0,0.9,11553,1142,6.8,0.7,1229,448,0.7,0.3,20869,1246,12.3,0.7,105,78,0.1,0.1,2748,681,1.6,0.4,169660,416,169660,(X),8761,1014,5.2,0.6,576,230,0.3,0.1,2305,575,1.4,0.3,334,193,0.2,0.1,5546,938,3.3,0.6,160899,1068,94.8,0.6,127413,1684,75.1,1.0,9888,1117,5.8,0.7,195,112,0.1,0.1,19393,1252,11.4,0.7,0,29,0.0,0.1,887,362,0.5,0.2,3123,578,1.8,0.3,263,184,0.2,0.1,2860,565,1.7,0.3,69974,912,(X),(X),66290,758,3318,421,2675,394,2430,339,2442,354,2475,372,2345,396,2021,274,2529,388,2014,355,4685,461,6384,558,8692,603,7139,514,5419,445,6847,552,4875,405
23,610U300US25024,Fourth Middlesex,168684,591,168684,(X),82399,958,48.8,0.5,86285,949,51.2,0.5,9737,668,5.8,0.4,9611,690,5.7,0.4,10370,550,6.1,0.3,9772,647,5.8,0.4,7482,594,4.4,0.4,22321,979,13.2,0.6,23792,822,14.1,0.5,27799,838,16.5,0.5,11725,631,7.0,0.4,10043,592,6.0,0.3,13325,557,7.9,0.3,8338,574,4.9,0.3,4369,395,2.6,0.2,41.6,0.5,(X),(X),132124,944,78.3,0.5,127763,1022,75.7,0.6,32205,792,19.1,0.5,26032,603,15.4,0.4,132124,944,132124,(X),63667,834,48.2,0.5,68457,841,51.8,0.5,26032,603,26032,(X),10701,435,41.1,1.4,15331,494,58.9,1.4,168684,591,168684,(X),165405,604,98.1,0.3,3279,466,1.9,0.3,165405,604,98.1,0.3,143317,1278,85.0,0.8,4188,875,2.5,0.5,157,85,0.1,0.1,18,23,0.0,0.1,0,29,0.0,0.1,0,29,0.0,0.1,0,29,0.0,0.1,16277,925,9.6,0.5,6618,857,3.9,0.5,5036,657,3.0,0.4,266,143,0.2,0.1,457,177,0.3,0.1,1629,455,1.0,0.3,659,289,0.4,0.2,1612,383,1.0,0.2,16,31,0.0,0.1,0,29,0.0,0.1,0,29,0.0,0.1,0,29,0.0,0.1,16,31,0.0,0.1,1450,380,0.9,0.2,3279,466,1.9,0.3,403,155,0.2,0.1,266,127,0.2,0.1,1588,325,0.9,0.2,0,29,0.0,0.1,168684,591,168684,(X),146313,1259,86.7,0.7,4841,942,2.9,0.6,541,196,0.3,0.1,18272,1010,10.8,0.6,224,154,0.1,0.1,2082,453,1.2,0.3,168684,591,168684,(X),4932,723,2.9,0.4,684,246,0.4,0.1,1628,514,1.0,0.3,139,107,0.1,0.1,2481,584,1.5,0.3,163752,974,97.1,0.4,140116,1403,83.1,0.9,3938,847,2.3,0.5,145,83,0.1,0.1,16254,917,9.6,0.5,16,31,0.0,0.1,348,158,0.2,0.1,2935,433,1.7,0.3,439,206,0.3,0.1,2496,388,1.5,0.2,67789,872,(X),(X),65006,738,1993,279,1847,277,1973,351,2098,322,1790,307,2163,267,1962,373,2012,349,1578,286,3959,407,5347,515,8906,621,7925,449,6617,475,7203,535,7633,545
24,610U300US25025,Second Middlesex,174978,1038,174978,(X),83983,1233,48.0,0.6,90995,1181,52.0,0.6,9371,646,5.4,0.4,7856,647,4.5,0.4,7159,648,4.1,0.4,8745,769,5.0,0.4,16180,1013,9.2,0.6,41825,1605,23.9,0.9,23740,1023,13.6,0.6,21295,887,12.2,0.5,9021,608,5.2,0.4,8204,646,4.7,0.4,10591,632,6.1,0.4,7751,516,4.4,0.3,3240,345,1.9,0.2,33.9,0.4,(X),(X),146644,1268,83.8,0.7,139008,1494,79.4,0.8,26131,750,14.9,0.4,21582,696,12.3,0.4,146644,1268,146644,(X),69912,1293,47.7,0.7,76732,1092,52.3,0.7,21582,696,21582,(X),8676,436,40.2,1.7,12906,572,59.8,1.7,174978,1038,174978,(X),169776,1246,97.0,0.4,5202,761,3.0,0.4,169776,1246,97.0,0.4,136310,2143,77.9,1.1,14299,1354,8.2,0.8,364,240,0.2,0.1,8,13,0.0,0.1,0,29,0.0,0.1,7,15,0.0,0.1,0,29,0.0,0.1,15046,1217,8.6,0.7,3640,697,2.1,0.4,5585,733,3.2,0.4,382,169,0.2,0.1,538,177,0.3,0.1,1114,260,0.6,0.1,958,447,0.5,0.3,2829,677,1.6,0.4,60,51,0.0,0.1,37,44,0.0,0.1,0,29,0.0,0.1,0,29,0.0,0.1,23,32,0.0,0.1,3697,944,2.1,0.5,5202,761,3.0,0.4,1825,486,1.0,0.3,350,121,0.2,0.1,1746,419,1.0,0.2,74,61,0.0,0.1,174978,1038,174978,(X),141106,2044,80.6,1.0,16417,1347,9.4,0.8,948,304,0.5,0.2,17136,1314,9.8,0.8,221,169,0.1,0.1,4519,975,2.6,0.6,174978,1038,174978,(X),12411,1537,7.1,0.9,1421,366,0.8,0.2,2374,543,1.4,0.3,396,198,0.2,0.1,8220,1271,4.7,0.7,162567,1742,92.9,0.9,128670,2107,73.5,1.1,13281,1305,7.6,0.8,145,70,0.1,0.1,14985,1217,8.6,0.7,60,51,0.0,0.1,892,368,0.5,0.2,4534,724,2.6,0.4,471,211,0.3,0.1,4063,683,2.3,0.4,74202,880,(X),(X),71167,910,3781,453,3041,395,2401,351,2581,373,2596,355,2399,367,2201,366,2607,347,2271,278,5625,525,6280,521,9793,540,8065,505,4838,437,6296,534,6392,454
25,610U300US25026,Middlesex & Suffolk,171428,1798,171428,(X),84100,1600,49.1,0.7,87328,1503,50.9,0.7,10682,730,6.2,0.4,7087,596,4.1,0.4,6653,588,3.9,0.3,11242,826,6.6,0.5,19892,1042,11.6,0.6,42482,1705,24.8,0.9,23545,1030,13.7,0.6,18111,1043,10.6,0.6,7862,561,4.6,0.3,6836,578,4.0,0.3,8541,533,5.0,0.3,5692,461,3.3,0.3,2803,312,1.6,0.2,31.2,0.4,(X),(X),142766,2123,83.3,0.7,130869,1896,76.3,0.7,21302,884,12.4,0.5,17036,742,9.9,0.4,142766,2123,142766,(X),69581,1671,48.7,0.9,73185,1627,51.3,0.9,17036,742,17036,(X),7015,413,41.2,1.7,10021,541,58.8,1.7,171428,1798,171428,(X),153878,2463,89.8,1.0,17550,1688,10.2,1.0,153878,2463,89.8,1.0,111224,2571,64.9,1.3,17470,1441,10.2,0.8,268,119,0.2,0.1,12,19,0.0,0.1,5,7,0.0,0.1,0,29,0.0,0.1,0,29,0.0,0.1,15376,1155,9.0,0.7,2800,491,1.6,0.3,6887,764,4.0,0.4,374,170,0.2,0.1,812,259,0.5,0.2,1532,349,0.9,0.2,1560,539,0.9,0.3,1411,375,0.8,0.2,66,53,0.0,0.1,26,38,0.0,0.1,14,21,0.0,0.1,11,14,0.0,0.1,15,25,0.0,0.1,9474,1323,5.5,0.8,17550,1688,10.2,1.0,13675,1618,8.0,0.9,308,138,0.2,0.1,1260,286,0.7,0.2,331,228,0.2,0.1,171428,1798,171428,(X),127787,2167,74.5,1.0,32132,2169,18.7,1.3,1074,263,0.6,0.2,17027,1225,9.9,0.7,241,112,0.1,0.1,11027,1479,6.4,0.9,171428,1798,171428,(X),41426,1788,24.2,1.0,2324,599,1.4,0.3,7016,972,4.1,0.6,819,300,0.5,0.2,31267,2093,18.2,1.2,130002,2043,75.8,1.0,92756,2167,54.1,1.1,15821,1321,9.2,0.8,150,70,0.1,0.1,15354,1154,9.0,0.7,52,50,0.0,0.1,1325,447,0.8,0.3,4544,644,2.7,0.4,687,232,0.4,0.1,3857,571,2.2,0.3,72937,980,(X),(X),66888,959,6269,591,4562,445,3261,390,2873,354,2231,373,3096,428,2611,366,2597,372,2364,323,4521,397,6253,515,7691,548,5784,472,3548,362,4194,371,5033,369
26,610U300US25027,First Suffolk & Middlesex,174727,2147,174727,(X),88942,1606,50.9,0.7,85785,1583,49.1,0.7,9455,648,5.4,0.4,7922,563,4.5,0.3,6343,511,3.6,0.3,9661,769,5.5,0.4,16836,958,9.6,0.5,40517,1423,23.2,0.7,24601,929,14.1,0.5,21423,928,12.3,0.5,9523,656,5.5,0.4,7506,550,4.3,0.3,11335,526,6.5,0.3,6520,491,3.7,0.3,3085,305,1.8,0.2,33.8,0.5,(X),(X),147289,2010,84.3,0.5,138315,1896,79.2,0.6,25135,787,14.4,0.5,20940,647,12.0,0.4,147289,2010,147289,(X),74748,1527,50.7,0.7,72541,1424,49.3,0.7,20940,647,20940,(X),9085,388,43.4,1.4,11855,478,56.6,1.4,174727,2147,174727,(X),159969,2315,91.6,0.9,14758,1675,8.4,0.9,159969,2315,91.6,0.9,125671,2592,71.9,1.2,8446,858,4.8,0.5,851,445,0.5,0.3,0,29,0.0,0.1,17,27,0.0,0.1,0,29,0.0,0.1,0,29,0.0,0.1,16608,1105,9.5,0.6,1941,417,1.1,0.2,8361,701,4.8,0.4,267,131,0.2,0.1,394,173,0.2,0.1,1090,254,0.6,0.1,2232,560,1.3,0.3,2323,525,1.3,0.3,70,63,0.0,0.1,23,36,0.0,0.1,0,29,0.0,0.1,22,33,0.0,0.1,25,46,0.0,0.1,8323,1298,4.8,0.7,14758,1675,8.4,0.9,11406,1577,6.5,0.9,533,220,0.3,0.1,1116,360,0.6,0.2,135,132,0.1,0.1,174727,2147,174727,(X),139961,2666,80.1,1.1,20285,1585,11.6,0.9,1731,510,1.0,0.3,18119,1139,10.4,0.6,288,145,0.2,0.1,9483,1340,5.4,0.8,174727,2147,174727,(X),42614,1970,24.4,1.0,3878,851,2.2,0.5,3865,774,2.2,0.4,367,161,0.2,0.1,34504,1973,19.7,1.1,132113,2101,75.6,1.0,103422,1700,59.2,0.8,7007,772,4.0,0.4,179,101,0.1,0.1,16509,1117,9.4,0.6,70,63,0.0,0.1,579,259,0.3,0.1,4347,579,2.5,0.3,326,146,0.2,0.1,4021,570,2.3,0.3,76288,805,(X),(X),70684,893,6458,596,3879,345,3270,450,3596,476,2797,379,2658,329,2644,336,2729,388,2799,349,4931,448,6641,485,8850,572,6186,643,3805,435,3973,386,5468,453
27,610U300US25028,Second Suffolk & Middlesex,165096,2167,165096,(X),76926,1714,46.6,0.8,88170,1670,53.4,0.8,6025,463,3.6,0.3,4502,423,2.7,0.3,3665,361,2.2,0.2,20393,1121,12.4,0.6,33302,1349,20.2,0.7,35284,1651,21.4,0.9,16331,808,9.9,0.5,15183,682,9.2,0.4,6137,457,3.7,0.3,6329,477,3.8,0.3,9101,577,5.5,0.4,6446,491,3.9,0.3,2398,276,1.5,0.2,28.1,0.4,(X),(X),148143,2034,89.7,0.4,119368,1836,72.3,0.8,21765,785,13.2,0.5,17945,681,10.9,0.5,148143,2034,148143,(X),67854,1626,45.8,0.9,80289,1621,54.2,0.9,17945,681,17945,(X),6965,387,38.8,1.7,10980,532,61.2,1.7,165096,2167,165096,(X),161316,2208,97.7,0.3,3780,503,2.3,0.3,161316,2208,97.7,0.3,129197,2000,78.3,0.8,7517,872,4.6,0.5,223,104,0.1,0.1,22,27,0.0,0.1,0,29,0.0,0.1,35,50,0.0,0.1,4,9,0.0,0.1,20897,1110,12.7,0.6,4023,572,2.4,0.3,10387,896,6.3,0.5,737,196,0.4,0.1,898,297,0.5,0.2,2370,386,1.4,0.2,687,246,0.4,0.1,1795,374,1.1,0.2,33,44,0.0,0.1,0,29,0.0,0.1,24,41,0.0,0.1,9,17,0.0,0.1,0,29,0.0,0.1,3449,607,2.1,0.4,3780,503,2.3,0.3,837,312,0.5,0.2,330,166,0.2,0.1,1464,285,0.9,0.2,55,56,0.0,0.1,165096,2167,165096,(X),132575,1966,80.3,0.8,8677,922,5.3,0.5,775,230,0.5,0.1,22746,1169,13.8,0.7,243,110,0.1,0.1,4081,637,2.5,0.4,165096,2167,165096,(X),12219,1152,7.4,0.7,1858,388,1.1,0.2,2846,495,1.7,0.3,658,200,0.4,0.1,6857,861,4.2,0.5,152877,2195,92.6,0.7,121040,1895,73.3,0.8,7004,863,4.2,0.5,185,92,0.1,0.1,20688,1110,12.5,0.6,33,44,0.0,0.1,837,293,0.5,0.2,3090,453,1.9,0.3,319,107,0.2,0.1,2771,434,1.7,0.3,73822,625,(X),(X),67005,795,8484,602,4063,381,2988,387,2429,287,2209,361,2007,280,1807,272,2137,309,1912,287,4208,390,5946,487,7782,525,5654,550,4158,466,5016,399,6205,377
28,610U300US25029,First Middlesex & Norfolk,162356,532,162356,(X),74488,1011,45.9,0.6,87868,989,54.1,0.6,8951,579,5.5,0.4,10943,639,6.7,0.4,9860,627,6.1,0.4,11324,722,7.0,0.4,12285,1016,7.6,0.6,20275,1023,12.5,0.6,21801,888,13.4,0.5,21624,839,13.3,0.5,10462,674,6.4,0.4,9845,555,6.1,0.3,13221,650,8.1,0.4,7509,494,4.6,0.3,4256,409,2.6,0.3,38.7,0.5,(X),(X),126846,944,78.1,0.6,118037,1197,72.7,0.7,30788,869,19.0,0.5,24986,689,15.4,0.4,126846,944,126846,(X),57144,887,45.0,0.6,69702,872,55.0,0.6,24986,689,24986,(X),10724,514,42.9,1.4,14262,461,57.1,1.4,162356,532,162356,(X),158630,687,97.7,0.3,3726,480,2.3,0.3,158630,687,97.7,0.3,130512,1641,80.4,0.9,4043,633,2.5,0.4,98,64,0.1,0.1,4,7,0.0,0.1,0,29,0.0,0.1,0,29,0.0,0.1,0,29,0.0,0.1,22467,1403,13.8,0.9,3321,645,2.0,0.4,12556,1082,7.7,0.7,467,217,0.3,0.1,1476,427,0.9,0.3,2650,530,1.6,0.3,578,316,0.4,0.2,1419,410,0.9,0.3,80,82,0.0,0.1,0,29,0.0,0.1,26,46,0.0,0.1,0,29,0.0,0.1,54,68,0.0,0.1,1430,467,0.9,0.3,3726,480,2.3,0.3,615,184,0.4,0.1,276,122,0.2,0.1,2212,404,1.4,0.2,82,85,0.1,0.1,162356,532,162356,(X),133931,1661,82.5,0.9,4891,674,3.0,0.4,546,173,0.3,0.1,24872,1426,15.3,0.9,177,91,0.1,0.1,1825,477,1.1,0.3,162356,532,162356,(X),7380,905,4.5,0.6,1183,336,0.7,0.2,1146,362,0.7,0.2,387,174,0.2,0.1,4664,728,2.9,0.4,154976,1060,95.5,0.6,125098,1582,77.1,0.9,3775,631,2.3,0.4,42,31,0.0,0.1,22321,1429,13.7,0.9,80,82,0.0,0.1,355,151,0.2,0.1,3305,445,2.0,0.3,231,104,0.1,0.1,3074,417,1.9,0.3,67358,893,(X),(X),62734,676,3717,389,2043,371,1436,234,1618,277,1544,268,1322,246,1208,256,1258,236,1565,261,3081,340,3509,327,5904,484,6025,411,4803,404,6957,504,16744,561
29,610U300US25030,Norfolk & Suffolk,159694,1839,159694,(X),77379,1500,48.5,0.7,82315,1368,51.5,0.7,10379,698,6.5,0.4,9177,597,5.7,0.4,10449,698,6.5,0.4,8902,542,5.6,0.3,7791,509,4.9,0.3,19370,1032,12.1,0.6,22105,931,13.8,0.5,26219,759,16.4,0.5,10671,725,6.7,0.4,8861,505,5.5,0.3,11911,552,7.5,0.4,8910,520,5.6,0.3,4949,427,3.1,0.3,41.4,0.5,(X),(X),123632,1507,77.4,0.6,119323,1452,74.7,0.5,30649,897,19.2,0.6,25770,781,16.1,0.5,123632,1507,123632,(X),58666,1321,47.5,0.7,64966,1009,52.5,0.7,25770,781,25770,(X),10824,520,42.0,1.5,14946,599,58.0,1.5,159694,1839,159694,(X),155482,1915,97.4,0.4,4212,603,2.6,0.4,155482,1915,97.4,0.4,124707,1889,78.1,1.0,16242,1228,10.2,0.7,466,339,0.3,0.2,0,29,0.0,0.1,0,29,0.0,0.1,0,29,0.0,0.1,0,29,0.0,0.1,8035,820,5.0,0.5,2092,449,1.3,0.3,3042,567,1.9,0.3,664,255,0.4,0.2,266,177,0.2,0.1,614,177,0.4,0.1,396,251,0.2,0.2,961,328,0.6,0.2,6,12,0.0,0.1,0,29,0.0,0.1,0,29,0.0,0.1,6,12,0.0,0.1,0,29,0.0,0.1,6026,1149,3.8,0.7,4212,603,2.6,0.4,1024,299,0.6,0.2,263,172,0.2,0.1,1271,336,0.8,0.2,252,281,0.2,0.2,159694,1839,159694,(X),128206,1894,80.3,1.0,18074,1280,11.3,0.8,1272,521,0.8,0.3,9714,911,6.1,0.6,241,190,0.2,0.1,6846,1203,4.3,0.7,159694,1839,159694,(X),16743,1462,10.5,0.9,686,246,0.4,0.2,5417,729,3.4,0.5,597,230,0.4,0.1,10043,1299,6.3,0.8,142951,2076,89.5,0.9,117276,1808,73.4,1.0,13848,1107,8.7,0.7,58,43,0.0,0.1,8026,822,5.0,0.5,0,29,0.0,0.1,819,386,0.5,0.2,2924,510,1.8,0.3,209,152,0.1,0.1,2715,467,1.7,0.3,63912,545,(X),(X),61001,686,2750,292,2481,309,2335,341,1939,307,1653,273,2098,340,1628,280,2259,323,1939,273,3572,370,4944,451,7796,526,6532,511,4568,397,6537,457,7970,426
30,610U300US25031,Bristol & Norfolk,157172,889,157172,(X),76985,1147,49.0,0.7,80187,1102,51.0,0.7,7803,625,5.0,0.4,11019,743,7.0,0.5,12157,754,7.7,0.5,11141,708,7.1,0.5,9256,683,5.9,0.4,15612,927,9.9,0.6,21681,742,13.8,0.5,27363,828,17.4,0.5,12082,624,7.7,0.4,9523,698,6.1,0.4,10825,624,6.9,0.4,5927,457,3.8,0.3,2783,327,1.8,0.2,41.0,0.4,(X),(X),118981,1061,75.7,0.6,113126,1060,72.0,0.6,25096,837,16.0,0.5,19535,613,12.4,0.4,118981,1061,118981,(X),57697,1026,48.5,0.6,61284,831,51.5,0.6,19535,613,19535,(X),8519,381,43.6,1.7,11016,533,56.4,1.7,157172,889,157172,(X),154841,1044,98.5,0.3,2331,463,1.5,0.3,154841,1044,98.5,0.3,143364,1296,91.2,0.8,3670,757,2.3,0.5,82,46,0.1,0.1,0,29,0.0,0.1,0,29,0.0,0.1,0,29,0.0,0.1,0,29,0.0,0.1,6393,682,4.1,0.4,2439,531,1.6,0.3,1470,412,0.9,0.3,313,190,0.2,0.1,63,60,0.0,0.1,267,128,0.2,0.1,398,207,0.3,0.1,1443,473,0.9,0.3,60,96,0.0,0.1,0,29,0.0,0.1,60,96,0.0,0.1,0,29,0.0,0.1,0,29,0.0,0.1,1272,509,0.8,0.3,2331,463,1.5,0.3,557,324,0.4,0.2,288,122,0.2,0.1,609,236,0.4,0.1,100,73,0.1,0.1,157172,889,157172,(X),145169,1207,92.4,0.7,4718,846,3.0,0.5,704,202,0.4,0.1,7306,754,4.6,0.5,142,118,0.1,0.1,1683,454,1.1,0.3,157172,889,157172,(X),4853,728,3.1,0.5,406,174,0.3,0.1,1297,394,0.8,0.3,175,137,0.1,0.1,2975,658,1.9,0.4,152319,1067,96.9,0.5,140278,1429,89.3,0.8,3332,703,2.1,0.4,57,34,0.0,0.1,6382,680,4.1,0.4,60,96,0.0,0.1,151,94,0.1,0.1,2059,462,1.3,0.3,207,139,0.1,0.1,1852,433,1.2,0.3,58920,739,(X),(X),56001,761,1495,251,1712,305,1809,268,1967,270,1478,251,1623,274,1639,334,1884,314,1790,240,3708,443,5015,498,7607,536,6906,480,5026,421,5706,508,6636,490
31,610U300US25032,"Norfolk, Bristol & Plymouth",159504,923,159504,(X),75632,968,47.4,0.5,83872,1011,52.6,0.5,8772,640,5.5,0.4,10093,627,6.3,0.4,10835,712,6.8,0.4,11173,638,7.0,0.4,8376,597,5.3,0.4,16554,1025,10.4,0.6,22758,810,14.3,0.5,25374,903,15.9,0.6,11533,619,7.2,0.4,9620,592,6.0,0.4,12760,618,8.0,0.4,7891,576,4.9,0.4,3765,393,2.4,0.2,41.7,0.6,(X),(X),122892,1088,77.0,0.6,116606,1166,73.1,0.7,30005,779,18.8,0.5,24416,660,15.3,0.4,122892,1088,122892,(X),57142,931,46.5,0.6,65750,829,53.5,0.6,24416,660,24416,(X),10194,368,41.8,1.2,14222,534,58.2,1.2,159504,923,159504,(X),156821,1067,98.3,0.3,2683,517,1.7,0.3,156821,1067,98.3,0.3,119096,1524,74.7,0.8,25012,1232,15.7,0.8,111,69,0.1,0.1,0,29,0.0,0.1,17,28,0.0,0.1,0,29,0.0,0.1,0,29,0.0,0.1,10671,1010,6.7,0.6,1293,475,0.8,0.3,3778,701,2.4,0.4,677,359,0.4,0.2,86,82,0.1,0.1,321,201,0.2,0.1,3060,697,1.9,0.4,1456,617,0.9,0.4,0,29,0.0,0.1,0,29,0.0,0.1,0,29,0.0,0.1,0,29,0.0,0.1,0,29,0.0,0.1,1931,469,1.2,0.3,2683,517,1.7,0.3,786,274,0.5,0.2,219,99,0.1,0.1,349,154,0.2,0.1,142,105,0.1,0.1,159504,923,159504,(X),121077,1451,75.9,0.8,26562,1205,16.7,0.7,636,187,0.4,0.1,11398,1018,7.1,0.6,267,168,0.2,0.1,2700,569,1.7,0.4,159504,923,159504,(X),5509,833,3.5,0.5,528,236,0.3,0.1,1793,543,1.1,0.3,284,197,0.2,0.1,2904,642,1.8,0.4,153995,1221,96.5,0.5,115641,1578,72.5,0.9,24429,1229,15.3,0.8,75,54,0.0,0.1,10621,1003,6.7,0.6,0,29,0.0,0.1,689,303,0.4,0.2,2540,489,1.6,0.3,561,241,0.4,0.2,1979,434,1.2,0.3,59813,769,(X),(X),57293,771,1880,316,2174,309,2113,292,1973,322,1727,299,1778,292,1821,312,1762,287,1736,303,4138,459,4847,427,7534,440,6932,484,4656,430,6169,479,6053,381
32,610U300US25033,Norfolk & Plymouth,161088,503,161088,(X),77611,1075,48.2,0.6,83477,1043,51.8,0.6,8866,700,5.5,0.4,8374,543,5.2,0.3,7755,459,4.8,0.3,8944,621,5.6,0.4,9879,611,6.1,0.4,27028,1057,16.8,0.7,21464,850,13.3,0.5,24889,1033,15.5,0.6,10828,635,6.7,0.4,8958,713,5.6,0.4,12301,580,7.6,0.4,7848,597,4.9,0.4,3954,471,2.5,0.3,39.4,0.5,(X),(X),130948,867,81.3,0.5,125365,925,77.8,0.5,28999,877,18.0,0.5,24103,721,15.0,0.4,130948,867,130948,(X),62821,875,48.0,0.6,68127,821,52.0,0.6,24103,721,24103,(X),9912,451,41.1,1.7,14191,632,58.9,1.7,161088,503,161088,(X),158132,758,98.2,0.3,2956,555,1.8,0.3,158132,758,98.2,0.3,124576,1699,77.3,1.0,8007,892,5.0,0.6,225,123,0.1,0.1,41,44,0.0,0.1,0,29,0.0,0.1,0,29,0.0,0.1,0,29,0.0,0.1,23955,1260,14.9,0.8,2622,573,1.6,0.4,15832,1147,9.8,0.7,826,388,0.5,0.2,222,138,0.1,0.1,241,105,0.1,0.1,3067,726,1.9,0.4,1145,384,0.7,0.2,0,29,0.0,0.1,0,29,0.0,0.1,0,29,0.0,0.1,0,29,0.0,0.1,0,29,0.0,0.1,1369,426,0.8,0.3,2956,555,1.8,0.3,588,229,0.4,0.1,621,215,0.4,0.1,717,263,0.4,0.2,86,77,0.1,0.1,161088,503,161088,(X),127129,1572,78.9,0.9,9044,901,5.6,0.6,1057,262,0.7,0.2,24901,1287,15.5,0.8,337,155,0.2,0.1,1807,496,1.1,0.3,161088,503,161088,(X),5062,763,3.1,0.5,492,181,0.3,0.1,1656,434,1.0,0.3,250,287,0.2,0.2,2664,695,1.7,0.4,156026,819,96.9,0.5,121056,1621,75.1,1.0,7552,926,4.7,0.6,199,124,0.1,0.1,23867,1255,14.8,0.8,0,29,0.0,0.1,535,196,0.3,0.1,2817,547,1.7,0.3,354,215,0.2,0.1,2463,511,1.5,0.3,69108,831,(X),(X),65533,824,3548,444,2918,370,2578,355,2536,347,2805,374,3094,407,2484,295,2548,301,2554,379,5121,479,7068,569,9116,693,6844,553,4539,424,4760,447,3020,344
33,610U300US25034,Plymouth & Norfolk,164124,45,164124,(X),78732,931,48.0,0.6,85392,931,52.0,0.6,8786,555,5.4,0.3,10625,613,6.5,0.4,12855,601,7.8,0.4,9573,666,5.8,0.4,6580,612,4.0,0.4,14420,875,8.8,0.5,21230,818,12.9,0.5,28500,912,17.4,0.6,13423,648,8.2,0.4,11367,822,6.9,0.5,13793,707,8.4,0.4,9119,586,5.6,0.4,3853,398,2.3,0.2,44.1,0.5,(X),(X),125134,742,76.2,0.4,121107,898,73.8,0.5,33633,769,20.5,0.5,26765,561,16.3,0.3,125134,742,125134,(X),58288,773,46.6,0.5,66846,733,53.4,0.5,26765,561,26765,(X),10851,422,40.5,1.4,15914,516,59.5,1.4,164124,45,164124,(X),161785,475,98.6,0.3,2339,486,1.4,0.3,161785,475,98.6,0.3,153828,1277,93.7,0.8,2668,644,1.6,0.4,269,169,0.2,0.1,39,60,0.0,0.1,0,29,0.0,0.1,0,29,0.0,0.1,56,77,0.0,0.1,4026,758,2.5,0.5,447,203,0.3,0.1,1425,447,0.9,0.3,279,142,0.2,0.1,121,82,0.1,0.1,414,304,0.3,0.2,940,513,0.6,0.3,400,221,0.2,0.1,0,29,0.0,0.1,0,29,0.0,0.1,0,29,0.0,0.1,0,29,0.0,0.1,0,29,0.0,0.1,994,456,0.6,0.3,2339,486,1.4,0.3,281,104,0.2,0.1,338,159,0.2,0.1,906,315,0.6,0.2,18,29,0.0,0.1,164124,45,164124,(X),155806,1224,94.9,0.7,3230,679,2.0,0.4,787,250,0.5,0.2,5297,878,3.2,0.5,395,322,0.2,0.2,1239,468,0.8,0.3,164124,45,164124,(X),2813,584,1.7,0.4,244,116,0.1,0.1,1088,367,0.7,0.2,14,23,0.0,0.1,1467,405,0.9,0.2,161311,584,98.3,0.4,151999,1325,92.6,0.8,2227,621,1.4,0.4,253,180,0.2,0.1,4020,758,2.4,0.5,0,29,0.0,0.1,665,424,0.4,0.3,2147,464,1.3,0.3,121,71,0.1,0.1,2026,467,1.2,0.3,69230,661,(X),(X),63574,648,2112,296,1990,279,1755,254,1878,282,1895,363,2728,371,2366,289,1837,227,1894,278,3995,386,5717,456,7633,618,7487,560,5338,436,6146,502,8803,589
34,610U300US25035,Second Plymouth & Bristol,160853,706,160853,(X),77920,863,48.4,0.5,82933,848,51.6,0.5,10754,537,6.7,0.3,11242,562,7.0,0.3,10516,543,6.5,0.3,13499,617,8.4,0.4,11106,645,6.9,0.4,18443,781,11.5,0.5,21278,599,13.2,0.4,25585,716,15.9,0.4,9737,662,6.1,0.4,8565,601,5.3,0.4,11152,519,6.9,0.3,6307,468,3.9,0.3,2669,286,1.7,0.2,37.7,0.7,(X),(X),120519,879,74.9,0.4,112067,966,69.7,0.5,25007,663,15.5,0.4,20128,626,12.5,0.4,120519,879,120519,(X),57201,765,47.5,0.5,63318,756,52.5,0.5,20128,626,20128,(X),8404,381,41.8,1.4,11724,458,58.2,1.4,160853,706,160853,(X),156022,981,97.0,0.4,4831,649,3.0,0.4,156022,981,97.0,0.4,109319,1459,68.0,0.7,36754,1297,22.8,0.8,281,128,0.2,0.1,16,21,0.0,0.1,0,29,0.0,0.1,0,29,0.0,0.1,0,29,0.0,0.1,2651,489,1.6,0.3,219,151,0.1,0.1,366,208,0.2,0.1,344,186,0.2,0.1,55,53,0.0,0.1,127,80,0.1,0.1,937,372,0.6,0.2,603,284,0.4,0.2,34,47,0.0,0.1,0,29,0.0,0.1,0,29,0.0,0.1,14,32,0.0,0.1,20,34,0.0,0.1,6983,963,4.3,0.6,4831,649,3.0,0.4,1645,412,1.0,0.3,706,241,0.4,0.1,613,197,0.4,0.1,146,92,0.1,0.1,160853,706,160853,(X),112886,1577,70.2,0.8,39642,1202,24.6,0.8,1446,346,0.9,0.2,3608,506,2.2,0.3,449,214,0.3,0.1,8160,1005,5.1,0.6,160853,706,160853,(X),10202,759,6.3,0.5,635,256,0.4,0.2,6514,813,4.0,0.5,236,154,0.1,0.1,2817,616,1.8,0.4,150651,1006,93.7,0.5,104353,1358,64.9,0.7,35284,1134,21.9,0.7,184,89,0.1,0.1,2524,474,1.6,0.3,34,47,0.0,0.1,4030,811,2.5,0.5,4242,584,2.6,0.4,727,239,0.5,0.1,3515,539,2.2,0.3,60331,720,(X),(X),56018,700,3429,381,3234,409,2372,331,2492,335,2242,328,2509,348,2055,358,2404,320,2021,333,4232,416,5575,574,8525,587,5540,461,3349,308,3917,430,2122,279
35,610U300US25036,First Plymouth & Bristol,171254,89,171254,(X),84627,1120,49.4,0.7,86627,1132,50.6,0.7,8857,720,5.2,0.4,10547,715,6.2,0.4,10286,821,6.0,0.5,12353,788,7.2,0.5,11357,757,6.6,0.4,19279,932,11.3,0.5,23098,776,13.5,0.5,28251,980,16.5,0.6,11649,792,6.8,0.5,11140,728,6.5,0.4,13136,670,7.7,0.4,7698,655,4.5,0.4,3603,384,2.1,0.2,41.2,0.5,(X),(X),134526,833,78.6,0.5,126533,830,73.9,0.5,30784,1024,18.0,0.6,24437,817,14.3,0.5,134526,833,134526,(X),65083,1052,48.4,0.7,69443,927,51.6,0.7,24437,817,24437,(X),10823,540,44.3,1.5,13614,557,55.7,1.5,171254,89,171254,(X),167687,593,97.9,0.3,3567,587,2.1,0.3,167687,593,97.9,0.3,156311,1221,91.3,0.7,6211,824,3.6,0.5,329,160,0.2,0.1,0,29,0.0,0.1,0,29,0.0,0.1,0,29,0.0,0.1,0,29,0.0,0.1,1932,506,1.1,0.3,374,255,0.2,0.1,561,255,0.3,0.1,225,140,0.1,0.1,18,29,0.0,0.1,250,187,0.1,0.1,176,140,0.1,0.1,328,200,0.2,0.1,30,36,0.0,0.1,0,29,0.0,0.1,10,14,0.0,0.1,0,29,0.0,0.1,20,32,0.0,0.1,2874,679,1.7,0.4,3567,587,2.1,0.3,1282,373,0.7,0.2,804,253,0.5,0.1,334,220,0.2,0.1,101,58,0.1,0.1,171254,89,171254,(X),159227,1054,93.0,0.6,8046,875,4.7,0.5,1272,323,0.7,0.2,2501,539,1.5,0.3,267,180,0.2,0.1,3661,769,2.1,0.4,171254,89,171254,(X),6146,868,3.6,0.5,581,292,0.3,0.2,3754,717,2.2,0.4,243,176,0.1,0.1,1568,494,0.9,0.3,165108,866,96.4,0.5,152211,1463,88.9,0.9,5860,843,3.4,0.5,150,123,0.1,0.1,1931,505,1.1,0.3,20,32,0.0,0.1,1742,515,1.0,0.3,3194,584,1.9,0.3,588,228,0.3,0.1,2606,504,1.5,0.3,69772,803,(X),(X),62022,745,3200,378,3136,445,2344,337,2572,307,2239,348,2411,353,2354,372,2490,327,2894,427,4409,416,6249,563,9101,669,6976,517,4657,433,4130,355,2860,381
36,610U300US25037,First Bristol & Plymouth,163610,61,163610,(X),77862,1037,47.6,0.6,85748,1034,52.4,0.6,8421,692,5.1,0.4,9916,653,6.1,0.4,9644,616,5.9,0.4,9844,640,6.0,0.4,10350,795,6.3,0.5,19439,899,11.9,0.5,22152,793,13.5,0.5,25253,977,15.4,0.6,11075,693,6.8,0.4,10474,606,6.4,0.4,14238,688,8.7,0.4,8485,604,5.2,0.4,4319,383,2.6,0.2,41.7,0.6,(X),(X),129033,1061,78.9,0.6,124009,1105,75.8,0.7,32946,951,20.1,0.6,27042,811,16.5,0.5,129033,1061,129033,(X),60343,1041,46.8,0.6,68690,863,53.2,0.6,27042,811,27042,(X),11043,487,40.8,1.4,15999,638,59.2,1.4,163610,61,163610,(X),159675,527,97.6,0.3,3935,529,2.4,0.3,159675,527,97.6,0.3,149999,1089,91.7,0.7,3655,730,2.2,0.4,131,118,0.1,0.1,68,79,0.0,0.1,0,29,0.0,0.1,0,29,0.0,0.1,0,29,0.0,0.1,2400,475,1.5,0.3,105,92,0.1,0.1,642,304,0.4,0.2,35,34,0.0,0.1,22,26,0.0,0.1,151,97,0.1,0.1,136,108,0.1,0.1,1309,395,0.8,0.2,88,117,0.1,0.1,0,29,0.0,0.1,0,29,0.0,0.1,0,29,0.0,0.1,88,117,0.1,0.1,3402,710,2.1,0.4,3935,529,2.4,0.3,1084,315,0.7,0.2,1114,271,0.7,0.2,432,155,0.3,0.1,202,159,0.1,0.1,163610,61,163610,(X),153571,1066,93.9,0.7,5194,747,3.2,0.5,1753,354,1.1,0.2,2986,481,1.8,0.3,314,197,0.2,0.1,4093,782,2.5,0.5,163610,61,163610,(X),7647,950,4.7,0.6,529,240,0.3,0.1,5322,882,3.3,0.5,85,65,0.1,0.1,1711,461,1.0,0.3,155963,951,95.3,0.6,145657,1163,89.0,0.7,3076,612,1.9,0.4,37,39,0.0,0.1,2400,475,1.5,0.3,88,117,0.1,0.1,1045,400,0.6,0.2,3660,530,2.2,0.3,413,227,0.3,0.1,3247,482,2.0,0.3,74047,838,(X),(X),65718,783,5782,527,5441,526,4155,449,3483,386,3381,419,3356,381,2886,391,2567,314,2368,280,4364,391,6443,474,7686,598,5544,408,3369,338,2966,296,1927,253
37,610U300US25038,Second Bristol & Plymouth,161592,68,161592,(X),77497,934,48.0,0.6,84095,932,52.0,0.6,8460,630,5.2,0.4,9519,639,5.9,0.4,9513,517,5.9,0.3,11477,589,7.1,0.4,12191,665,7.5,0.4,20643,802,12.8,0.5,20036,762,12.4,0.5,23477,920,14.5,0.6,10396,613,6.4,0.4,9497,547,5.9,0.3,12909,575,8.0,0.4,8226,544,5.1,0.3,5248,406,3.2,0.3,39.6,0.9,(X),(X),127965,894,79.2,0.5,119858,1095,74.2,0.7,31857,895,19.7,0.6,26383,705,16.3,0.4,127965,894,127965,(X),60692,856,47.4,0.5,67273,797,52.6,0.5,26383,705,26383,(X),10747,442,40.7,1.1,15636,464,59.3,1.1,161592,68,161592,(X),155700,857,96.4,0.5,5892,851,3.6,0.5,155700,857,96.4,0.5,134586,1616,83.3,1.0,7880,911,4.9,0.6,458,186,0.3,0.1,10,17,0.0,0.1,10,15,0.0,0.1,0,29,0.0,0.1,0,29,0.0,0.1,2237,489,1.4,0.3,298,246,0.2,0.2,967,426,0.6,0.3,134,117,0.1,0.1,23,25,0.0,0.1,127,97,0.1,0.1,417,211,0.3,0.1,271,178,0.2,0.1,54,70,0.0,0.1,10,17,0.0,0.1,0,29,0.0,0.1,44,69,0.0,0.1,0,29,0.0,0.1,10485,1166,6.5,0.7,5892,851,3.6,0.5,1921,541,1.2,0.3,383,120,0.2,0.1,386,163,0.2,0.1,237,121,0.1,0.1,161592,68,161592,(X),139027,1506,86.0,0.9,11304,1072,7.0,0.7,1521,332,0.9,0.2,2850,479,1.8,0.3,183,113,0.1,0.1,13096,1244,8.1,0.8,161592,68,161592,(X),17839,1039,11.0,0.6,672,273,0.4,0.2,11095,1079,6.9,0.7,203,149,0.1,0.1,5869,748,3.6,0.5,143753,1041,89.0,0.6,125876,1679,77.9,1.0,6936,809,4.3,0.5,189,86,0.1,0.1,2204,490,1.4,0.3,44,69,0.0,0.1,3764,649,2.3,0.4,4740,644,2.9,0.4,2067,361,1.3,0.2,2673,478,1.7,0.3,70919,869,(X),(X),63450,854,5537,455,5604,627,4220,388,3696,344,3456,325,2947,385,2950,395,2579,386,2509,357,5161,526,5952,532,7246,478,4532,424,3115,376,2598,298,1348,246
38,610U300US25039,Plymouth & Barnstable,159489,119,159489,(X),77769,869,48.8,0.5,81720,869,51.2,0.5,8147,565,5.1,0.4,9255,577,5.8,0.4,10105,641,6.3,0.4,10019,680,6.3,0.4,8665,598,5.4,0.4,14297,745,9.0,0.5,20239,765,12.7,0.5,26138,880,16.4,0.6,12468,722,7.8,0.5,11162,664,7.0,0.4,15855,721,9.9,0.5,9031,600,5.7,0.4,4108,394,2.6,0.2,44.6,0.6,(X),(X),125704,748,78.8,0.5,120233,777,75.4,0.5,35632,930,22.3,0.6,28994,760,18.2,0.5,125704,748,125704,(X),60719,812,48.3,0.5,64985,747,51.7,0.5,28994,760,28994,(X),12586,492,43.4,1.3,16408,561,56.6,1.3,159489,119,159489,(X),156511,528,98.1,0.3,2978,511,1.9,0.3,156511,528,98.1,0.3,149696,1119,93.9,0.7,2751,603,1.7,0.4,396,174,0.2,0.1,53,61,0.0,0.1,0,29,0.0,0.1,0,29,0.0,0.1,0,29,0.0,0.1,1945,418,1.2,0.3,238,225,0.1,0.1,622,234,0.4,0.1,157,170,0.1,0.1,97,80,0.1,0.1,284,141,0.2,0.1,214,163,0.1,0.1,333,171,0.2,0.1,15,22,0.0,0.1,0,29,0.0,0.1,12,21,0.0,0.1,3,12,0.0,0.1,0,29,0.0,0.1,1708,451,1.1,0.3,2978,511,1.9,0.3,814,316,0.5,0.2,870,291,0.5,0.2,476,176,0.3,0.1,38,35,0.0,0.1,159489,119,159489,(X),152313,936,95.5,0.6,3923,702,2.5,0.4,1435,401,0.9,0.3,2570,474,1.6,0.3,15,22,0.0,0.1,2389,550,1.5,0.3,159489,119,159489,(X),3620,560,2.3,0.4,535,223,0.3,0.1,1159,411,0.7,0.3,156,120,0.1,0.1,1770,425,1.1,0.3,155869,572,97.7,0.4,147528,1154,92.5,0.7,2702,602,1.7,0.4,306,121,0.2,0.1,1945,418,1.2,0.3,15,22,0.0,0.1,924,350,0.6,0.2,2449,467,1.5,0.3,346,164,0.2,0.1,2103,442,1.3,0.3,79336,861,(X),(X),62103,871,2197,289,2271,327,2429,358,2445,317,2201,352,2549,336,2265,360,2343,392,2301,349,4538,463,6101,472,9232,732,6861,515,4926,398,5419,532,4025,373
39,610U300US25040,Cape & Islands,170477,36,170477,(X),81357,578,47.7,0.3,89120,577,52.3,0.3,6980,391,4.1,0.2,7080,471,4.2,0.3,8176,588,4.8,0.3,8821,393,5.2,0.2,7148,486,4.2,0.3,15341,611,9.0,0.4,18149,544,10.6,0.3,25755,543,15.1,0.3,14558,741,8.5,0.4,14595,772,8.6,0.5,22668,571,13.3,0.3,15388,500,9.0,0.3,5818,448,3.4,0.3,50.5,0.4,(X),(X),142987,504,83.9,0.3,138028,644,81.0,0.4,52700,941,30.9,0.6,43874,595,25.7,0.3,142987,504,142987,(X),67389,473,47.1,0.3,75598,452,52.9,0.3,43874,595,43874,(X),19050,316,43.4,0.4,24824,394,56.6,0.4,170477,36,170477,(X),167520,525,98.3,0.3,2957,518,1.7,0.3,167520,525,98.3,0.3,158501,1016,93.0,0.6,4644,679,2.7,0.4,920,227,0.5,0.1,40,40,0.0,0.1,14,24,0.0,0.1,0,29,0.0,0.1,16,24,0.0,0.1,1572,396,0.9,0.2,266,200,0.2,0.1,515,147,0.3,0.1,105,89,0.1,0.1,23,17,0.0,0.1,137,107,0.1,0.1,55,48,0.0,0.1,471,283,0.3,0.2,0,29,0.0,0.1,0,29,0.0,0.1,0,29,0.0,0.1,0,29,0.0,0.1,0,29,0.0,0.1,1883,529,1.1,0.3,2957,518,1.7,0.3,857,307,0.5,0.2,875,196,0.5,0.1,399,158,0.2,0.1,57,38,0.0,0.1,170477,36,170477,(X),161081,947,94.5,0.6,5982,670,3.5,0.4,2140,305,1.3,0.2,2127,407,1.2,0.2,84,61,0.0,0.1,2335,549,1.4,0.3,170477,36,170477,(X),4454,392,2.6,0.2,879,400,0.5,0.2,1325,348,0.8,0.2,128,93,0.1,0.1,2122,496,1.2,0.3,166023,394,97.4,0.2,155283,950,91.1,0.6,4517,674,2.6,0.4,866,222,0.5,0.1,1572,396,0.9,0.2,0,29,0.0,0.1,1091,336,0.6,0.2,2694,470,1.6,0.3,223,129,0.1,0.1,2471,441,1.4,0.3,146907,667,(X),(X),75697,1293,4117,436,4068,500,3247,403,3380,375,3532,427,3413,431,3304,404,3742,413,3321,355,5956,479,8272,676,10520,649,6972,607,4063,408,4200,462,3590,352
